Season,Game #,Date,Days Rest,Days Old,Opp,Score Diff,Played?,Minutes,ORB,DRB,TRB,AST,STL,BLK,TOV,PF,PTS
1.00,1.00,37923.00,7.00,6873.00,1.00,-14.00,1.00,1.78,2.00,4.00,6.00,9.00,4.00,0.00,2.00,3.00,25.00
1.00,2.00,37924.00,1.00,6874.00,2.00,-9.00,1.00,1.68,2.00,10.00,12.00,8.00,1.00,0.00,7.00,1.00,21.00
1.00,3.00,37926.00,2.00,6876.00,3.00,-19.00,1.00,1.63,0.00,4.00,4.00,6.00,2.00,0.00,2.00,3.00,8.00
1.00,4.00,37930.00,4.00,6880.00,4.00,-4.00,1.00,1.71,2.00,9.00,11.00,7.00,2.00,3.00,2.00,1.00,7.00
1.00,5.00,37932.00,2.00,6882.00,5.00,-1.00,1.00,1.82,0.00,5.00,5.00,3.00,0.00,0.00,7.00,2.00,23.00
1.00,6.00,37933.00,1.00,6883.00,6.00,13.00,1.00,1.85,5.00,3.00,8.00,9.00,1.00,1.00,2.00,1.00,17.00
1.00,7.00,37935.00,2.00,6885.00,7.00,14.00,1.00,1.40,1.00,4.00,5.00,4.00,1.00,1.00,2.00,0.00,17.00
1.00,8.00,37937.00,2.00,6887.00,8.00,-5.00,1.00,1.78,1.00,2.00,3.00,7.00,2.00,1.00,4.00,3.00,18.00
1.00,9.00,37939.00,2.00,6889.00,9.00,-9.00,1.00,1.48,1.00,4.00,5.00,3.00,0.00,0.00,4.00,3.00,10.00
1.00,10.00,37940.00,1.00,6890.00,10.00,3.00,1.00,1.96,0.00,5.00,5.00,8.00,1.00,2.00,5.00,2.00,22.00
1.00,11.00,37943.00,3.00,6893.00,11.00,8.00,1.00,1.64,2.00,5.00,7.00,8.00,0.00,1.00,3.00,2.00,14.00
1.00,12.00,37944.00,1.00,6894.00,6.00,-11.00,1.00,1.63,2.00,5.00,7.00,8.00,2.00,1.00,4.00,2.00,28.00
1.00,13.00,37946.00,2.00,6896.00,12.00,-14.00,1.00,1.47,2.00,7.00,9.00,2.00,1.00,0.00,1.00,4.00,19.00
1.00,14.00,37947.00,1.00,6897.00,13.00,-9.00,1.00,1.76,2.00,4.00,6.00,4.00,2.00,1.00,3.00,1.00,15.00
1.00,15.00,37951.00,4.00,6901.00,14.00,-10.00,1.00,1.62,2.00,6.00,8.00,9.00,0.00,0.00,4.00,1.00,15.00
1.00,16.00,37953.00,2.00,6903.00,15.00,-4.00,1.00,1.52,0.00,2.00,2.00,7.00,0.00,0.00,4.00,3.00,6.00
1.00,17.00,37954.00,1.00,6904.00,16.00,-7.00,1.00,2.28,2.00,14.00,16.00,7.00,1.00,1.00,8.00,1.00,33.00
1.00,18.00,37957.00,3.00,6907.00,4.00,-12.00,1.00,1.35,3.00,3.00,6.00,5.00,2.00,0.00,2.00,4.00,19.00
1.00,19.00,37958.00,1.00,6908.00,11.00,-10.00,1.00,1.42,4.00,2.00,6.00,8.00,2.00,0.00,5.00,2.00,4.00
1.00,20.00,37961.00,3.00,6911.00,13.00,10.00,1.00,1.50,1.00,5.00,6.00,5.00,2.00,1.00,3.00,2.00,8.00
1.00,21.00,37964.00,3.00,6914.00,17.00,-7.00,1.00,1.54,0.00,5.00,5.00,3.00,1.00,0.00,2.00,2.00,18.00
1.00,22.00,37966.00,2.00,6916.00,15.00,9.00,1.00,1.78,1.00,2.00,3.00,9.00,1.00,1.00,4.00,3.00,23.00
1.00,23.00,37968.00,2.00,6918.00,9.00,-7.00,1.00,1.89,1.00,2.00,3.00,4.00,0.00,0.00,2.00,2.00,37.00
1.00,24.00,37970.00,2.00,6920.00,5.00,-10.00,1.00,1.82,1.00,3.00,4.00,6.00,3.00,3.00,6.00,1.00,27.00
1.00,25.00,37972.00,2.00,6922.00,18.00,-4.00,1.00,1.50,0.00,1.00,1.00,3.00,0.00,0.00,2.00,2.00,17.00
1.00,26.00,37974.00,2.00,6924.00,10.00,7.00,1.00,1.74,1.00,3.00,4.00,5.00,4.00,0.00,4.00,1.00,36.00
1.00,27.00,37975.00,1.00,6925.00,19.00,8.00,1.00,1.74,1.00,5.00,6.00,10.00,2.00,2.00,4.00,2.00,32.00
1.00,28.00,37978.00,3.00,6928.00,14.00,11.00,1.00,1.63,2.00,4.00,6.00,2.00,6.00,1.00,5.00,1.00,22.00
1.00,29.00,37980.00,2.00,6930.00,20.00,-12.00,1.00,1.96,1.00,1.00,2.00,6.00,2.00,1.00,8.00,0.00,34.00
1.00,30.00,37981.00,1.00,6931.00,19.00,-7.00,1.00,1.43,1.00,2.00,3.00,4.00,1.00,2.00,5.00,0.00,18.00
1.00,31.00,37983.00,2.00,6933.00,3.00,12.00,1.00,1.63,3.00,7.00,10.00,9.00,3.00,0.00,5.00,1.00,32.00
1.00,32.00,37985.00,2.00,6935.00,5.00,-3.00,1.00,1.59,2.00,8.00,10.00,4.00,0.00,0.00,4.00,2.00,22.00
1.00,33.00,37988.00,3.00,6938.00,21.00,-15.00,1.00,1.50,1.00,3.00,4.00,9.00,1.00,0.00,3.00,2.00,14.00
1.00,34.00,37992.00,4.00,6942.00,7.00,11.00,1.00,1.73,0.00,4.00,4.00,10.00,1.00,1.00,4.00,1.00,14.00
1.00,35.00,37993.00,1.00,6943.00,17.00,-6.00,1.00,1.59,0.00,2.00,2.00,5.00,0.00,0.00,2.00,3.00,21.00
1.00,36.00,37995.00,2.00,6945.00,9.00,-25.00,1.00,1.76,0.00,3.00,3.00,6.00,3.00,0.00,5.00,1.00,19.00
1.00,37.00,37998.00,3.00,6948.00,22.00,-10.00,1.00,1.52,1.00,4.00,5.00,7.00,1.00,1.00,6.00,3.00,16.00
1.00,38.00,37999.00,1.00,6949.00,23.00,8.00,1.00,1.83,4.00,5.00,9.00,9.00,2.00,0.00,4.00,2.00,27.00
1.00,39.00,38001.00,2.00,6951.00,24.00,-17.00,1.00,1.81,2.00,4.00,6.00,6.00,3.00,0.00,2.00,0.00,29.00
1.00,40.00,38003.00,2.00,6953.00,25.00,6.00,1.00,1.85,1.00,6.00,7.00,2.00,2.00,1.00,4.00,2.00,29.00
1.00,41.00,38006.00,3.00,6956.00,23.00,5.00,0.00,0.00,0.00,0.00,0.00,0.00,0.00,0.00,0.00,0.00,0.00
1.00,42.00,38008.00,2.00,6958.00,1.00,-6.00,0.00,0.00,0.00,0.00,0.00,0.00,0.00,0.00,0.00,0.00,0.00
1.00,43.00,38010.00,2.00,6960.00,10.00,8.00,0.00,0.00,0.00,0.00,0.00,0.00,0.00,0.00,0.00,0.00,0.00
1.00,44.00,38012.00,2.00,6962.00,20.00,1.00,1.00,1.25,0.00,5.00,5.00,3.00,0.00,2.00,3.00,4.00,16.00
1.00,45.00,38014.00,2.00,6964.00,8.00,1.00,1.00,1.85,0.00,5.00,5.00,4.00,2.00,1.00,1.00,1.00,27.00
1.00,46.00,38016.00,2.00,6966.00,26.00,-6.00,1.00,1.55,2.00,6.00,8.00,3.00,1.00,0.00,5.00,5.00,20.00
1.00,47.00,38018.00,2.00,6968.00,6.00,4.00,1.00,1.81,3.00,3.00,6.00,4.00,0.00,2.00,6.00,4.00,38.00
1.00,48.00,38020.00,2.00,6970.00,15.00,3.00,1.00,1.59,1.00,3.00,4.00,6.00,2.00,0.00,1.00,2.00,12.00
1.00,49.00,38021.00,1.00,6971.00,22.00,-5.00,1.00,1.80,0.00,4.00,4.00,4.00,0.00,0.00,0.00,0.00,32.00
1.00,50.00,38023.00,2.00,6973.00,12.00,-11.00,1.00,1.86,1.00,8.00,9.00,5.00,0.00,0.00,3.00,2.00,14.00
1.00,51.00,38024.00,1.00,6974.00,6.00,-18.00,1.00,1.42,0.00,0.00,0.00,6.00,4.00,1.00,3.00,2.00,14.00
1.00,52.00,38026.00,2.00,6976.00,9.00,8.00,1.00,1.80,0.00,6.00,6.00,3.00,2.00,1.00,1.00,3.00,24.00
1.00,53.00,38028.00,2.00,6978.00,21.00,-20.00,1.00,1.23,1.00,1.00,2.00,5.00,1.00,0.00,5.00,0.00,9.00
1.00,54.00,38035.00,7.00,6985.00,27.00,-16.00,1.00,1.40,2.00,2.00,4.00,9.00,0.00,1.00,5.00,2.00,16.00
1.00,55.00,38037.00,2.00,6987.00,28.00,2.00,1.00,1.65,2.00,9.00,11.00,2.00,2.00,1.00,2.00,0.00,32.00
1.00,56.00,38039.00,2.00,6989.00,7.00,6.00,1.00,1.82,1.00,4.00,5.00,3.00,1.00,0.00,1.00,2.00,22.00
1.00,57.00,38040.00,1.00,6990.00,14.00,4.00,1.00,1.53,0.00,4.00,4.00,6.00,2.00,5.00,1.00,3.00,21.00
1.00,58.00,38042.00,2.00,6992.00,18.00,-6.00,1.00,1.61,2.00,5.00,7.00,5.00,2.00,1.00,2.00,1.00,11.00
1.00,59.00,38044.00,2.00,6994.00,20.00,5.00,1.00,2.05,1.00,10.00,11.00,3.00,3.00,1.00,5.00,1.00,30.00
1.00,60.00,38047.00,3.00,6997.00,19.00,-11.00,1.00,1.70,0.00,3.00,3.00,3.00,4.00,1.00,3.00,2.00,18.00
1.00,61.00,38049.00,2.00,6999.00,13.00,32.00,1.00,1.15,1.00,6.00,7.00,3.00,1.00,1.00,1.00,0.00,24.00
1.00,62.00,38051.00,2.00,7001.00,14.00,3.00,1.00,1.57,2.00,4.00,6.00,4.00,2.00,0.00,4.00,5.00,19.00
1.00,63.00,38052.00,1.00,7002.00,26.00,9.00,1.00,1.78,2.00,5.00,7.00,10.00,4.00,1.00,2.00,3.00,24.00
1.00,64.00,38054.00,2.00,7004.00,13.00,6.00,1.00,1.88,2.00,4.00,6.00,7.00,1.00,0.00,2.00,1.00,34.00
1.00,65.00,38056.00,2.00,7006.00,17.00,14.00,1.00,1.41,1.00,2.00,3.00,4.00,1.00,0.00,2.00,2.00,14.00
1.00,66.00,38060.00,4.00,7010.00,5.00,3.00,1.00,1.84,0.00,3.00,3.00,4.00,3.00,1.00,4.00,3.00,26.00
1.00,67.00,38062.00,2.00,7012.00,19.00,24.00,1.00,1.34,3.00,2.00,5.00,8.00,0.00,5.00,4.00,1.00,17.00
1.00,68.00,38065.00,3.00,7015.00,25.00,-9.00,1.00,1.43,0.00,0.00,0.00,7.00,2.00,1.00,2.00,3.00,14.00
1.00,69.00,38067.00,2.00,7017.00,15.00,-20.00,1.00,1.53,2.00,5.00,7.00,3.00,0.00,2.00,4.00,4.00,15.00
1.00,70.00,38069.00,2.00,7019.00,2.00,-17.00,1.00,1.71,1.00,1.00,2.00,6.00,3.00,1.00,5.00,0.00,25.00
1.00,71.00,38072.00,3.00,7022.00,10.00,-15.00,1.00,1.37,2.00,1.00,3.00,7.00,0.00,1.00,5.00,1.00,16.00
1.00,72.00,38073.00,1.00,7023.00,21.00,3.00,1.00,1.83,2.00,4.00,6.00,13.00,3.00,0.00,2.00,1.00,41.00
1.00,73.00,38075.00,2.00,7025.00,28.00,-8.00,1.00,1.32,0.00,2.00,2.00,4.00,0.00,1.00,2.00,0.00,18.00
1.00,74.00,38076.00,1.00,7026.00,27.00,-17.00,1.00,1.75,1.00,4.00,5.00,6.00,4.00,0.00,3.00,2.00,28.00
1.00,75.00,38079.00,3.00,7029.00,26.00,-18.00,1.00,1.53,0.00,7.00,7.00,7.00,5.00,0.00,5.00,3.00,20.00
1.00,76.00,38080.00,1.00,7030.00,24.00,-3.00,1.00,1.93,3.00,5.00,8.00,10.00,1.00,1.00,3.00,1.00,34.00
1.00,77.00,38083.00,3.00,7033.00,17.00,-1.00,1.00,1.92,1.00,5.00,6.00,4.00,3.00,0.00,3.00,2.00,21.00
1.00,78.00,38084.00,1.00,7034.00,16.00,-18.00,1.00,1.52,0.00,3.00,3.00,5.00,3.00,0.00,2.00,4.00,14.00
1.00,79.00,38086.00,2.00,7036.00,8.00,-15.00,1.00,1.76,1.00,6.00,7.00,8.00,1.00,0.00,8.00,2.00,24.00
1.00,80.00,38087.00,1.00,7037.00,8.00,11.00,1.00,1.32,1.00,2.00,3.00,11.00,0.00,0.00,2.00,3.00,10.00
1.00,81.00,38089.00,2.00,7039.00,26.00,4.00,1.00,1.89,1.00,6.00,7.00,9.00,2.00,0.00,1.00,1.00,27.00
1.00,82.00,38091.00,2.00,7041.00,7.00,10.00,1.00,1.46,0.00,1.00,1.00,5.00,3.00,0.00,5.00,1.00,17.00
2.00,1.00,38294.00,7.00,7244.00,5.00,-5.00,1.00,2.12,1.00,4.00,5.00,8.00,1.00,3.00,6.00,2.00,28.00
2.00,2.00,38295.00,1.00,7245.00,8.00,-6.00,1.00,1.76,3.00,3.00,6.00,8.00,1.00,0.00,1.00,0.00,21.00
2.00,3.00,38297.00,2.00,7247.00,26.00,-14.00,1.00,1.75,2.00,6.00,8.00,6.00,3.00,0.00,4.00,0.00,31.00
2.00,4.00,38300.00,3.00,7250.00,13.00,14.00,1.00,2.00,1.00,9.00,10.00,4.00,4.00,2.00,3.00,2.00,25.00
2.00,5.00,38301.00,1.00,7251.00,2.00,5.00,1.00,2.01,3.00,7.00,10.00,6.00,3.00,3.00,3.00,1.00,38.00
2.00,6.00,38304.00,3.00,7254.00,6.00,31.00,1.00,1.56,1.00,8.00,9.00,4.00,3.00,2.00,4.00,0.00,24.00
2.00,7.00,38306.00,2.00,7256.00,24.00,11.00,1.00,1.75,2.00,10.00,12.00,4.00,2.00,1.00,1.00,1.00,33.00
2.00,8.00,38309.00,3.00,7259.00,29.00,17.00,1.00,1.21,1.00,5.00,6.00,9.00,0.00,0.00,1.00,3.00,19.00
2.00,9.00,38311.00,2.00,7261.00,29.00,16.00,1.00,1.58,5.00,3.00,8.00,2.00,3.00,1.00,7.00,0.00,25.00
2.00,10.00,38312.00,1.00,7262.00,7.00,-10.00,1.00,1.70,2.00,7.00,9.00,10.00,1.00,1.00,5.00,3.00,13.00
2.00,11.00,38315.00,3.00,7265.00,15.00,16.00,1.00,1.56,3.00,3.00,6.00,5.00,3.00,1.00,3.00,3.00,43.00
2.00,12.00,38317.00,2.00,7267.00,9.00,2.00,1.00,1.78,0.00,6.00,6.00,8.00,3.00,1.00,2.00,2.00,20.00
2.00,13.00,38318.00,1.00,7268.00,19.00,22.00,1.00,1.33,1.00,6.00,7.00,7.00,1.00,0.00,2.00,0.00,26.00
2.00,14.00,38320.00,2.00,7270.00,11.00,-12.00,1.00,1.76,1.00,6.00,7.00,5.00,6.00,1.00,3.00,2.00,22.00
2.00,15.00,38322.00,2.00,7272.00,2.00,-19.00,1.00,1.70,1.00,2.00,3.00,6.00,2.00,1.00,6.00,2.00,15.00
2.00,16.00,38323.00,1.00,7273.00,4.00,19.00,1.00,1.72,1.00,7.00,8.00,9.00,2.00,1.00,5.00,3.00,17.00
2.00,17.00,38325.00,2.00,7275.00,17.00,8.00,1.00,1.78,0.00,6.00,6.00,10.00,2.00,1.00,3.00,2.00,27.00
2.00,18.00,38328.00,3.00,7278.00,21.00,6.00,1.00,1.92,0.00,2.00,2.00,8.00,3.00,0.00,3.00,4.00,27.00
2.00,19.00,38329.00,1.00,7279.00,19.00,-28.00,1.00,1.55,0.00,2.00,2.00,6.00,1.00,1.00,4.00,2.00,19.00
2.00,20.00,38332.00,3.00,7282.00,28.00,-19.00,1.00,1.72,3.00,3.00,6.00,10.00,4.00,0.00,3.00,2.00,23.00
2.00,21.00,38334.00,2.00,7284.00,16.00,6.00,1.00,1.91,0.00,5.00,5.00,8.00,7.00,0.00,3.00,2.00,31.00
2.00,22.00,38336.00,2.00,7286.00,3.00,24.00,1.00,1.55,2.00,9.00,11.00,7.00,3.00,2.00,3.00,1.00,25.00
2.00,23.00,38337.00,1.00,7287.00,15.00,-12.00,1.00,1.88,1.00,8.00,9.00,7.00,4.00,1.00,3.00,2.00,11.00
2.00,24.00,38339.00,2.00,7289.00,9.00,-7.00,1.00,1.69,1.00,4.00,5.00,4.00,3.00,1.00,4.00,6.00,31.00
2.00,25.00,38342.00,3.00,7292.00,12.00,10.00,1.00,1.80,0.00,6.00,6.00,12.00,1.00,0.00,2.00,2.00,26.00
2.00,26.00,38343.00,1.00,7293.00,21.00,-2.00,1.00,1.78,1.00,8.00,9.00,9.00,1.00,0.00,4.00,2.00,23.00
2.00,27.00,38347.00,4.00,7297.00,14.00,9.00,1.00,1.86,1.00,8.00,9.00,14.00,4.00,1.00,5.00,2.00,22.00
2.00,28.00,38349.00,2.00,7299.00,13.00,9.00,1.00,1.93,1.00,8.00,9.00,7.00,1.00,0.00,1.00,2.00,40.00
2.00,29.00,38350.00,1.00,7300.00,18.00,-11.00,1.00,0.72,0.00,3.00,3.00,5.00,0.00,0.00,0.00,0.00,3.00
2.00,30.00,38355.00,5.00,7304.00,29.00,11.00,1.00,1.68,2.00,6.00,8.00,6.00,2.00,0.00,1.00,3.00,26.00
2.00,31.00,38357.00,2.00,7306.00,13.00,16.00,1.00,1.65,1.00,5.00,6.00,9.00,1.00,1.00,2.00,4.00,20.00
2.00,32.00,38360.00,3.00,7309.00,7.00,25.00,1.00,1.36,1.00,2.00,3.00,4.00,0.00,2.00,8.00,2.00,22.00
2.00,33.00,38363.00,3.00,7312.00,29.00,2.00,1.00,2.04,1.00,7.00,8.00,9.00,2.00,1.00,8.00,1.00,29.00
2.00,34.00,38365.00,2.00,7314.00,22.00,-4.00,1.00,1.85,3.00,10.00,13.00,9.00,1.00,1.00,4.00,1.00,28.00
2.00,35.00,38367.00,2.00,7316.00,25.00,13.00,1.00,1.72,1.00,7.00,8.00,5.00,5.00,0.00,3.00,2.00,27.00
2.00,36.00,38368.00,1.00,7317.00,23.00,-8.00,1.00,1.84,2.00,3.00,5.00,11.00,4.00,1.00,1.00,4.00,35.00
2.00,37.00,38371.00,3.00,7320.00,3.00,6.00,1.00,1.82,1.00,10.00,11.00,10.00,4.00,0.00,2.00,4.00,27.00
2.00,38.00,38372.00,1.00,7321.00,1.00,-27.00,1.00,1.53,1.00,7.00,8.00,6.00,1.00,0.00,3.00,0.00,18.00
2.00,39.00,38374.00,2.00,7323.00,24.00,18.00,1.00,1.80,1.00,11.00,12.00,10.00,1.00,1.00,3.00,1.00,28.00
2.00,40.00,38376.00,2.00,7325.00,6.00,-9.00,1.00,2.00,4.00,6.00,10.00,8.00,2.00,1.00,5.00,3.00,31.00
2.00,41.00,38378.00,2.00,7327.00,16.00,3.00,1.00,1.74,1.00,8.00,9.00,15.00,3.00,2.00,5.00,1.00,27.00
2.00,42.00,38380.00,2.00,7329.00,7.00,-3.00,2.00,0.00,2.00,2.00,2.00,2.00,2.00,2.00,2.00,2.00,2.00
2.00,43.00,38382.00,2.00,7331.00,26.00,17.00,0.00,0.00,0.00,0.00,0.00,0.00,0.00,0.00,0.00,0.00,0.00
2.00,44.00,38384.00,2.00,7333.00,20.00,-3.00,1.00,1.81,2.00,3.00,5.00,7.00,0.00,1.00,3.00,2.00,28.00
2.00,45.00,38386.00,2.00,7335.00,8.00,-12.00,1.00,1.91,2.00,0.00,2.00,10.00,3.00,0.00,2.00,2.00,31.00
2.00,46.00,38388.00,2.00,7337.00,20.00,9.00,1.00,1.90,0.00,6.00,6.00,9.00,2.00,0.00,1.00,2.00,30.00
2.00,47.00,38391.00,3.00,7340.00,17.00,13.00,1.00,1.51,1.00,7.00,8.00,11.00,3.00,0.00,2.00,1.00,15.00
2.00,48.00,38394.00,3.00,7343.00,4.00,-5.00,1.00,1.80,2.00,4.00,6.00,6.00,1.00,0.00,4.00,2.00,35.00
2.00,49.00,38396.00,2.00,7345.00,22.00,14.00,1.00,1.90,2.00,6.00,8.00,9.00,3.00,1.00,3.00,3.00,25.00
2.00,50.00,38399.00,3.00,7348.00,13.00,22.00,1.00,1.54,0.00,5.00,5.00,6.00,3.00,0.00,3.00,0.00,28.00
2.00,51.00,38400.00,1.00,7349.00,12.00,-6.00,1.00,1.71,2.00,5.00,7.00,8.00,1.00,0.00,2.00,0.00,26.00
2.00,52.00,38406.00,6.00,7355.00,19.00,9.00,1.00,1.85,1.00,5.00,6.00,11.00,5.00,0.00,3.00,2.00,27.00
2.00,53.00,38408.00,2.00,7357.00,5.00,-24.00,1.00,1.69,3.00,4.00,7.00,5.00,2.00,1.00,2.00,0.00,21.00
2.00,54.00,38410.00,2.00,7359.00,21.00,-6.00,1.00,1.88,1.00,3.00,4.00,7.00,2.00,0.00,5.00,4.00,28.00
2.00,55.00,38411.00,1.00,7360.00,28.00,-2.00,1.00,1.86,1.00,7.00,8.00,7.00,0.00,0.00,2.00,3.00,20.00
2.00,56.00,38413.00,2.00,7362.00,23.00,-17.00,1.00,1.70,0.00,5.00,5.00,5.00,0.00,0.00,4.00,2.00,32.00
2.00,57.00,38415.00,2.00,7364.00,10.00,-9.00,1.00,1.66,1.00,6.00,7.00,7.00,4.00,0.00,6.00,1.00,34.00
2.00,58.00,38417.00,2.00,7366.00,8.00,-20.00,1.00,1.68,0.00,4.00,4.00,5.00,2.00,0.00,1.00,1.00,23.00
2.00,59.00,38419.00,2.00,7368.00,20.00,19.00,1.00,1.69,0.00,7.00,7.00,8.00,1.00,1.00,1.00,3.00,23.00
2.00,60.00,38424.00,5.00,7373.00,5.00,12.00,1.00,1.79,2.00,3.00,5.00,5.00,1.00,0.00,4.00,1.00,35.00
2.00,61.00,38426.00,2.00,7375.00,25.00,19.00,1.00,1.42,2.00,7.00,9.00,2.00,0.00,1.00,1.00,1.00,36.00
2.00,62.00,38427.00,1.00,7376.00,26.00,-8.00,1.00,1.88,1.00,6.00,7.00,6.00,1.00,0.00,5.00,0.00,34.00
2.00,63.00,38429.00,2.00,7378.00,10.00,-12.00,1.00,1.92,0.00,8.00,8.00,8.00,4.00,0.00,4.00,0.00,16.00
2.00,64.00,38431.00,2.00,7380.00,17.00,-7.00,1.00,2.00,2.00,8.00,10.00,5.00,2.00,0.00,4.00,0.00,56.00
2.00,65.00,38433.00,2.00,7382.00,15.00,15.00,1.00,1.79,1.00,5.00,6.00,6.00,1.00,0.00,0.00,1.00,29.00
2.00,66.00,38435.00,2.00,7384.00,18.00,-19.00,1.00,1.74,0.00,4.00,4.00,8.00,1.00,0.00,2.00,1.00,19.00
2.00,67.00,38437.00,2.00,7386.00,27.00,-31.00,1.00,1.49,1.00,3.00,4.00,6.00,0.00,0.00,3.00,1.00,19.00
2.00,68.00,38439.00,2.00,7388.00,14.00,1.00,1.00,2.21,2.00,4.00,6.00,3.00,4.00,0.00,10.00,3.00,44.00
2.00,69.00,38440.00,1.00,7389.00,11.00,10.00,1.00,1.70,0.00,7.00,7.00,5.00,2.00,1.00,1.00,0.00,22.00
2.00,70.00,38442.00,2.00,7391.00,19.00,-12.00,1.00,2.21,4.00,2.00,6.00,7.00,4.00,2.00,3.00,5.00,26.00
2.00,71.00,38443.00,1.00,7392.00,1.00,-19.00,1.00,1.84,0.00,8.00,8.00,9.00,2.00,0.00,7.00,2.00,35.00
2.00,72.00,38445.00,2.00,7394.00,27.00,20.00,1.00,2.00,2.00,8.00,10.00,7.00,2.00,1.00,6.00,3.00,37.00
2.00,73.00,38447.00,2.00,7396.00,21.00,-31.00,1.00,1.66,2.00,7.00,9.00,4.00,2.00,2.00,6.00,2.00,24.00
2.00,74.00,38448.00,1.00,7397.00,5.00,-21.00,1.00,1.39,2.00,2.00,4.00,3.00,1.00,0.00,2.00,2.00,20.00
2.00,75.00,38450.00,2.00,7399.00,10.00,-5.00,1.00,2.00,4.00,9.00,13.00,7.00,5.00,0.00,5.00,1.00,37.00
2.00,76.00,38451.00,1.00,7400.00,26.00,17.00,1.00,1.94,1.00,9.00,10.00,10.00,2.00,1.00,3.00,2.00,40.00
2.00,77.00,38453.00,2.00,7402.00,20.00,8.00,1.00,2.00,1.00,6.00,7.00,6.00,5.00,1.00,2.00,4.00,33.00
2.00,78.00,38456.00,3.00,7405.00,7.00,-6.00,1.00,1.73,1.00,17.00,18.00,7.00,2.00,2.00,4.00,3.00,27.00
2.00,79.00,38457.00,1.00,7406.00,6.00,-8.00,1.00,2.00,2.00,4.00,6.00,6.00,1.00,0.00,1.00,3.00,38.00
2.00,80.00,38459.00,2.00,7408.00,15.00,-3.00,1.00,1.88,3.00,8.00,11.00,6.00,0.00,1.00,1.00,0.00,37.00
2.00,81.00,38461.00,2.00,7410.00,9.00,14.00,1.00,1.92,1.00,7.00,8.00,6.00,5.00,0.00,3.00,3.00,32.00
2.00,82.00,38462.00,1.00,7411.00,17.00,9.00,1.00,2.00,2.00,12.00,14.00,14.00,0.00,1.00,2.00,1.00,27.00
3.00,1.00,38658.00,7.00,7607.00,30.00,22.00,1.00,1.39,1.00,2.00,3.00,4.00,2.00,0.00,3.00,3.00,31.00
3.00,2.00,38660.00,2.00,7609.00,28.00,-26.00,1.00,1.52,0.00,6.00,6.00,4.00,0.00,1.00,3.00,3.00,20.00
3.00,3.00,38661.00,1.00,7610.00,16.00,-7.00,1.00,1.70,0.00,2.00,2.00,6.00,2.00,0.00,2.00,2.00,36.00
3.00,4.00,38663.00,2.00,7612.00,17.00,12.00,1.00,1.52,0.00,3.00,3.00,6.00,1.00,2.00,1.00,3.00,27.00
3.00,5.00,38665.00,2.00,7614.00,23.00,27.00,1.00,1.48,1.00,4.00,5.00,1.00,0.00,1.00,4.00,1.00,31.00
3.00,6.00,38667.00,2.00,7616.00,16.00,19.00,1.00,1.07,1.00,5.00,6.00,2.00,3.00,1.00,3.00,5.00,16.00
3.00,7.00,38669.00,2.00,7618.00,20.00,8.00,1.00,2.04,0.00,5.00,5.00,3.00,0.00,1.00,2.00,2.00,26.00
3.00,8.00,38671.00,2.00,7620.00,6.00,15.00,1.00,1.77,1.00,9.00,10.00,4.00,0.00,2.00,3.00,1.00,37.00
3.00,9.00,38674.00,3.00,7623.00,20.00,18.00,1.00,1.41,1.00,5.00,6.00,4.00,2.00,0.00,4.00,2.00,16.00
3.00,10.00,38675.00,1.00,7624.00,10.00,3.00,1.00,1.95,2.00,9.00,11.00,10.00,1.00,1.00,5.00,1.00,36.00
3.00,11.00,38678.00,3.00,7627.00,9.00,22.00,1.00,1.71,0.00,5.00,5.00,4.00,2.00,2.00,1.00,4.00,36.00
3.00,12.00,38680.00,2.00,7629.00,5.00,-22.00,1.00,1.79,1.00,9.00,10.00,4.00,5.00,1.00,6.00,4.00,19.00
3.00,13.00,38682.00,2.00,7631.00,12.00,-4.00,1.00,1.84,2.00,3.00,5.00,2.00,4.00,0.00,2.00,2.00,38.00
3.00,14.00,38686.00,4.00,7635.00,11.00,7.00,1.00,2.08,0.00,7.00,7.00,9.00,1.00,1.00,6.00,1.00,28.00
3.00,15.00,38688.00,2.00,7637.00,23.00,-7.00,1.00,1.88,0.00,3.00,3.00,8.00,1.00,3.00,1.00,1.00,34.00
3.00,16.00,38689.00,1.00,7638.00,11.00,-12.00,1.00,1.86,0.00,5.00,5.00,6.00,1.00,1.00,1.00,3.00,30.00
3.00,17.00,38692.00,3.00,7641.00,1.00,5.00,1.00,1.85,2.00,4.00,6.00,6.00,2.00,3.00,5.00,2.00,30.00
3.00,18.00,38695.00,3.00,7644.00,21.00,-9.00,1.00,1.87,2.00,4.00,6.00,3.00,0.00,1.00,7.00,3.00,32.00
3.00,19.00,38696.00,1.00,7645.00,26.00,-5.00,1.00,1.78,0.00,7.00,7.00,7.00,2.00,0.00,3.00,5.00,52.00
3.00,20.00,38699.00,3.00,7648.00,13.00,-6.00,1.00,1.88,0.00,10.00,10.00,6.00,2.00,0.00,6.00,5.00,39.00
3.00,21.00,38701.00,2.00,7650.00,4.00,9.00,1.00,1.88,0.00,4.00,4.00,9.00,1.00,0.00,3.00,3.00,26.00
3.00,22.00,38703.00,2.00,7652.00,8.00,8.00,1.00,1.93,0.00,5.00,5.00,10.00,1.00,0.00,4.00,3.00,41.00
3.00,23.00,38706.00,3.00,7655.00,25.00,25.00,1.00,1.20,2.00,4.00,6.00,4.00,3.00,2.00,5.00,1.00,25.00
3.00,24.00,38708.00,2.00,7657.00,19.00,8.00,1.00,1.83,0.00,5.00,5.00,6.00,4.00,0.00,2.00,2.00,37.00
3.00,25.00,38709.00,1.00,7658.00,5.00,5.00,1.00,1.83,1.00,7.00,8.00,9.00,1.00,0.00,3.00,1.00,14.00
3.00,26.00,38712.00,3.00,7661.00,19.00,11.00,1.00,1.87,1.00,7.00,8.00,6.00,2.00,2.00,2.00,0.00,32.00
3.00,27.00,38713.00,1.00,7662.00,21.00,-5.00,1.00,1.68,1.00,9.00,10.00,8.00,2.00,0.00,4.00,3.00,31.00
3.00,28.00,38717.00,4.00,7666.00,15.00,13.00,1.00,1.86,1.00,6.00,7.00,7.00,4.00,1.00,5.00,2.00,30.00
3.00,29.00,38721.00,4.00,7670.00,26.00,7.00,1.00,1.90,2.00,9.00,11.00,11.00,5.00,1.00,4.00,1.00,32.00
3.00,30.00,38722.00,1.00,7671.00,18.00,-9.00,1.00,1.84,1.00,8.00,9.00,5.00,1.00,0.00,3.00,4.00,32.00
3.00,31.00,38724.00,2.00,7673.00,26.00,8.00,1.00,1.88,2.00,5.00,7.00,6.00,0.00,1.00,0.00,1.00,35.00
3.00,32.00,38727.00,3.00,7676.00,7.00,-8.00,1.00,1.92,0.00,7.00,7.00,7.00,0.00,1.00,1.00,0.00,36.00
3.00,33.00,38729.00,2.00,7678.00,22.00,-1.00,1.00,1.67,0.00,2.00,2.00,9.00,0.00,0.00,5.00,2.00,28.00
3.00,34.00,38731.00,2.00,7680.00,2.00,-9.00,1.00,1.82,0.00,7.00,7.00,8.00,1.00,0.00,1.00,1.00,46.00
3.00,35.00,38732.00,1.00,7681.00,3.00,-2.00,1.00,1.72,2.00,11.00,13.00,7.00,1.00,3.00,2.00,3.00,29.00
3.00,36.00,38735.00,3.00,7684.00,4.00,-1.00,1.00,1.73,2.00,9.00,11.00,9.00,0.00,0.00,2.00,5.00,24.00
3.00,37.00,38737.00,2.00,7686.00,24.00,-20.00,1.00,1.47,1.00,8.00,9.00,6.00,0.00,0.00,6.00,3.00,14.00
3.00,38.00,38738.00,1.00,7687.00,25.00,18.00,1.00,1.78,0.00,5.00,5.00,8.00,2.00,0.00,3.00,4.00,51.00
3.00,39.00,38741.00,3.00,7690.00,5.00,30.00,1.00,1.47,0.00,7.00,7.00,8.00,2.00,2.00,1.00,0.00,23.00
3.00,40.00,38742.00,1.00,7691.00,13.00,9.00,1.00,1.91,1.00,8.00,9.00,6.00,3.00,1.00,5.00,2.00,38.00
3.00,41.00,38744.00,2.00,7693.00,5.00,4.00,1.00,1.88,1.00,6.00,7.00,9.00,3.00,1.00,6.00,1.00,30.00
3.00,42.00,38746.00,2.00,7695.00,2.00,7.00,1.00,1.78,1.00,10.00,11.00,7.00,1.00,1.00,6.00,1.00,44.00
3.00,43.00,38747.00,1.00,7696.00,29.00,12.00,1.00,1.32,1.00,5.00,6.00,6.00,5.00,1.00,4.00,2.00,30.00
3.00,44.00,38749.00,2.00,7698.00,21.00,6.00,1.00,1.85,0.00,11.00,11.00,10.00,1.00,1.00,4.00,2.00,26.00
3.00,45.00,38750.00,1.00,7699.00,8.00,-28.00,1.00,1.64,1.00,4.00,5.00,7.00,1.00,0.00,1.00,0.00,29.00
3.00,46.00,38752.00,2.00,7701.00,10.00,-5.00,1.00,1.97,2.00,2.00,4.00,6.00,2.00,1.00,4.00,0.00,31.00
3.00,47.00,38754.00,2.00,7703.00,26.00,3.00,1.00,1.89,0.00,9.00,9.00,12.00,0.00,2.00,4.00,4.00,22.00
3.00,48.00,38756.00,2.00,7705.00,12.00,6.00,1.00,1.90,1.00,10.00,11.00,8.00,1.00,0.00,0.00,3.00,35.00
3.00,49.00,38758.00,2.00,7707.00,6.00,-12.00,1.00,1.89,1.00,8.00,9.00,8.00,1.00,0.00,2.00,2.00,18.00
3.00,50.00,38759.00,1.00,7708.00,24.00,-8.00,1.00,1.83,1.00,4.00,5.00,6.00,1.00,2.00,2.00,5.00,33.00
3.00,51.00,38761.00,2.00,7710.00,28.00,14.00,1.00,1.70,2.00,1.00,3.00,5.00,4.00,0.00,2.00,0.00,44.00
3.00,52.00,38763.00,2.00,7712.00,9.00,4.00,1.00,2.25,1.00,11.00,12.00,11.00,2.00,4.00,2.00,5.00,43.00
3.00,53.00,38769.00,6.00,7718.00,20.00,13.00,1.00,1.79,0.00,2.00,2.00,9.00,1.00,2.00,2.00,0.00,26.00
3.00,54.00,38770.00,1.00,7719.00,10.00,-9.00,1.00,1.80,3.00,3.00,6.00,5.00,2.00,1.00,6.00,3.00,33.00
3.00,55.00,38772.00,2.00,7721.00,6.00,-8.00,1.00,1.99,0.00,7.00,7.00,9.00,1.00,0.00,4.00,2.00,25.00
3.00,56.00,38774.00,2.00,7723.00,15.00,-12.00,1.00,1.57,1.00,8.00,9.00,7.00,0.00,0.00,3.00,3.00,22.00
3.00,57.00,38775.00,1.00,7724.00,15.00,-12.00,1.00,1.94,1.00,3.00,4.00,6.00,0.00,1.00,5.00,0.00,26.00
3.00,58.00,38777.00,2.00,7726.00,1.00,-7.00,1.00,1.86,1.00,6.00,7.00,12.00,1.00,2.00,5.00,1.00,19.00
3.00,59.00,38778.00,1.00,7727.00,19.00,1.00,1.00,1.94,2.00,9.00,11.00,8.00,0.00,1.00,5.00,4.00,33.00
3.00,60.00,38781.00,3.00,7730.00,19.00,19.00,1.00,1.94,0.00,9.00,9.00,7.00,2.00,0.00,3.00,3.00,37.00
3.00,61.00,38783.00,2.00,7732.00,17.00,7.00,1.00,1.82,1.00,11.00,12.00,8.00,1.00,0.00,2.00,2.00,17.00
3.00,62.00,38784.00,1.00,7733.00,17.00,1.00,1.00,1.85,1.00,5.00,6.00,6.00,1.00,0.00,0.00,2.00,35.00
3.00,63.00,38786.00,2.00,7735.00,20.00,-29.00,1.00,1.62,2.00,5.00,7.00,2.00,2.00,1.00,5.00,0.00,25.00
3.00,64.00,38788.00,2.00,7737.00,8.00,-6.00,1.00,1.89,2.00,5.00,7.00,4.00,0.00,1.00,5.00,2.00,47.00
3.00,65.00,38790.00,2.00,7739.00,27.00,-4.00,1.00,1.87,1.00,11.00,12.00,5.00,0.00,2.00,4.00,1.00,36.00
3.00,66.00,38793.00,3.00,7742.00,3.00,15.00,1.00,1.84,2.00,7.00,9.00,5.00,6.00,0.00,1.00,2.00,27.00
3.00,67.00,38795.00,2.00,7744.00,22.00,1.00,1.00,1.95,1.00,7.00,8.00,7.00,1.00,0.00,7.00,3.00,29.00
3.00,68.00,38798.00,3.00,7747.00,29.00,2.00,1.00,2.09,0.00,11.00,11.00,12.00,0.00,1.00,5.00,4.00,37.00
3.00,69.00,38800.00,2.00,7749.00,9.00,12.00,1.00,1.87,3.00,4.00,7.00,8.00,2.00,3.00,0.00,2.00,36.00
3.00,70.00,38802.00,2.00,7751.00,18.00,2.00,1.00,2.04,3.00,3.00,6.00,5.00,2.00,0.00,2.00,2.00,36.00
3.00,71.00,38805.00,3.00,7754.00,27.00,13.00,1.00,1.81,0.00,5.00,5.00,4.00,3.00,0.00,2.00,3.00,46.00
3.00,72.00,38808.00,3.00,7757.00,8.00,7.00,1.00,1.90,4.00,8.00,12.00,9.00,2.00,0.00,4.00,3.00,47.00
3.00,73.00,38809.00,1.00,7758.00,29.00,4.00,1.00,1.72,1.00,11.00,12.00,8.00,1.00,2.00,3.00,5.00,35.00
3.00,74.00,38811.00,2.00,7760.00,10.00,33.00,1.00,1.44,1.00,3.00,4.00,7.00,4.00,0.00,3.00,4.00,37.00
3.00,75.00,38812.00,1.00,7761.00,7.00,-2.00,1.00,1.87,0.00,2.00,2.00,7.00,3.00,0.00,5.00,3.00,36.00
3.00,76.00,38815.00,3.00,7764.00,21.00,6.00,1.00,1.84,1.00,4.00,5.00,7.00,1.00,0.00,6.00,5.00,37.00
3.00,77.00,38817.00,2.00,7766.00,30.00,2.00,1.00,1.75,1.00,3.00,4.00,6.00,0.00,0.00,2.00,1.00,32.00
3.00,78.00,38819.00,2.00,7768.00,15.00,-23.00,1.00,1.31,0.00,3.00,3.00,1.00,0.00,0.00,2.00,0.00,22.00
3.00,79.00,38820.00,1.00,7769.00,7.00,4.00,0.00,0.00,0.00,0.00,0.00,0.00,0.00,0.00,0.00,0.00,0.00
3.00,80.00,38823.00,3.00,7772.00,6.00,-12.00,1.00,1.23,0.00,5.00,5.00,4.00,1.00,1.00,3.00,2.00,17.00
3.00,81.00,38824.00,1.00,7773.00,9.00,5.00,0.00,0.00,0.00,0.00,0.00,0.00,0.00,0.00,0.00,0.00,0.00
3.00,82.00,38826.00,2.00,7775.00,13.00,1.00,0.00,0.00,0.00,0.00,0.00,0.00,0.00,0.00,0.00,0.00,0.00
4.00,1.00,39022.00,7.00,7971.00,6.00,3.00,1.00,1.69,3.00,7.00,10.00,5.00,0.00,2.00,5.00,2.00,26.00
4.00,2.00,39024.00,2.00,7973.00,28.00,7.00,1.00,1.75,1.00,9.00,10.00,4.00,1.00,1.00,2.00,3.00,35.00
4.00,3.00,39025.00,1.00,7974.00,29.00,-4.00,1.00,1.59,4.00,5.00,9.00,7.00,0.00,1.00,2.00,0.00,16.00
4.00,4.00,39028.00,3.00,7977.00,13.00,-9.00,1.00,1.97,0.00,7.00,7.00,6.00,2.00,1.00,2.00,1.00,34.00
4.00,5.00,39030.00,2.00,7979.00,19.00,19.00,1.00,1.58,0.00,4.00,4.00,12.00,3.00,2.00,3.00,0.00,19.00
4.00,6.00,39032.00,2.00,7981.00,9.00,1.00,1.00,1.81,1.00,7.00,8.00,5.00,3.00,0.00,2.00,4.00,38.00
4.00,7.00,39034.00,2.00,7983.00,7.00,6.00,1.00,1.72,0.00,4.00,4.00,6.00,2.00,1.00,3.00,2.00,29.00
4.00,8.00,39036.00,2.00,7985.00,3.00,13.00,1.00,1.62,0.00,7.00,7.00,7.00,2.00,1.00,4.00,2.00,32.00
4.00,9.00,39038.00,2.00,7987.00,12.00,16.00,1.00,1.69,2.00,7.00,9.00,6.00,1.00,2.00,4.00,1.00,37.00
4.00,10.00,39039.00,1.00,7988.00,6.00,-12.00,1.00,1.39,2.00,3.00,5.00,4.00,2.00,0.00,3.00,2.00,20.00
4.00,11.00,39042.00,3.00,7991.00,16.00,3.00,1.00,1.75,0.00,1.00,1.00,9.00,3.00,1.00,3.00,1.00,15.00
4.00,12.00,39043.00,1.00,7992.00,17.00,-8.00,1.00,1.66,0.00,10.00,10.00,8.00,4.00,0.00,2.00,1.00,30.00
4.00,13.00,39045.00,2.00,7994.00,5.00,-10.00,1.00,1.77,1.00,6.00,7.00,5.00,1.00,0.00,3.00,6.00,30.00
4.00,14.00,39046.00,1.00,7995.00,10.00,13.00,1.00,1.70,0.00,4.00,4.00,11.00,0.00,1.00,7.00,4.00,25.00
4.00,15.00,39050.00,4.00,7999.00,7.00,-3.00,1.00,1.72,1.00,6.00,7.00,6.00,0.00,1.00,5.00,1.00,27.00
4.00,16.00,39052.00,2.00,8001.00,13.00,11.00,1.00,1.79,2.00,5.00,7.00,8.00,3.00,2.00,4.00,4.00,31.00
4.00,17.00,39053.00,1.00,8002.00,18.00,-18.00,1.00,1.49,1.00,4.00,5.00,4.00,0.00,0.00,3.00,2.00,21.00
4.00,18.00,39057.00,4.00,8006.00,17.00,4.00,1.00,1.69,1.00,5.00,6.00,10.00,1.00,0.00,4.00,1.00,26.00
4.00,19.00,39060.00,3.00,8009.00,5.00,32.00,1.00,1.33,0.00,7.00,7.00,6.00,1.00,1.00,3.00,0.00,27.00
4.00,20.00,39062.00,2.00,8011.00,30.00,-6.00,1.00,1.73,3.00,4.00,7.00,6.00,4.00,0.00,3.00,1.00,15.00
4.00,21.00,39064.00,2.00,8013.00,29.00,3.00,1.00,1.73,1.00,7.00,8.00,7.00,1.00,1.00,6.00,1.00,22.00
4.00,22.00,39066.00,2.00,8015.00,23.00,22.00,1.00,1.40,0.00,9.00,9.00,7.00,1.00,0.00,4.00,3.00,22.00
4.00,23.00,39067.00,1.00,8016.00,20.00,-7.00,1.00,1.71,1.00,4.00,5.00,5.00,0.00,1.00,4.00,4.00,29.00
4.00,24.00,39071.00,4.00,8020.00,21.00,-2.00,1.00,1.67,0.00,1.00,1.00,8.00,2.00,1.00,3.00,4.00,37.00
4.00,25.00,39072.00,1.00,8021.00,15.00,-16.00,1.00,1.79,2.00,8.00,10.00,5.00,2.00,0.00,1.00,1.00,26.00
4.00,26.00,39074.00,2.00,8023.00,20.00,3.00,1.00,1.79,0.00,7.00,7.00,1.00,0.00,0.00,7.00,1.00,32.00
4.00,27.00,39078.00,4.00,8027.00,13.00,13.00,1.00,1.65,1.00,8.00,9.00,3.00,1.00,2.00,1.00,1.00,27.00
4.00,28.00,39080.00,2.00,8029.00,26.00,10.00,1.00,1.83,1.00,3.00,4.00,5.00,1.00,1.00,3.00,5.00,32.00
4.00,29.00,39081.00,1.00,8030.00,19.00,-7.00,1.00,1.68,2.00,7.00,9.00,3.00,1.00,0.00,5.00,4.00,33.00
4.00,30.00,39084.00,3.00,8033.00,28.00,4.00,1.00,1.68,0.00,5.00,5.00,5.00,2.00,0.00,3.00,1.00,19.00
4.00,31.00,39085.00,1.00,8034.00,9.00,3.00,1.00,1.87,1.00,5.00,6.00,4.00,3.00,1.00,3.00,0.00,32.00
4.00,32.00,39087.00,2.00,8036.00,26.00,9.00,1.00,1.78,0.00,5.00,5.00,9.00,1.00,0.00,2.00,1.00,8.00
4.00,33.00,39088.00,1.00,8037.00,21.00,5.00,1.00,1.83,0.00,13.00,13.00,4.00,3.00,3.00,5.00,4.00,19.00
4.00,34.00,39091.00,3.00,8040.00,1.00,10.00,1.00,1.81,1.00,3.00,4.00,7.00,2.00,1.00,3.00,3.00,34.00
4.00,35.00,39093.00,2.00,8042.00,2.00,-19.00,1.00,1.62,2.00,4.00,6.00,6.00,1.00,0.00,5.00,2.00,34.00
4.00,36.00,39095.00,2.00,8044.00,11.00,12.00,1.00,1.75,1.00,5.00,6.00,6.00,1.00,0.00,2.00,4.00,28.00
4.00,37.00,39098.00,3.00,8047.00,23.00,-5.00,1.00,1.82,1.00,6.00,7.00,8.00,2.00,1.00,4.00,0.00,30.00
4.00,38.00,39099.00,1.00,8048.00,3.00,-18.00,1.00,1.46,3.00,3.00,6.00,2.00,1.00,0.00,4.00,0.00,23.00
4.00,39.00,39101.00,2.00,8050.00,4.00,-11.00,1.00,1.83,2.00,8.00,10.00,10.00,2.00,0.00,3.00,2.00,30.00
4.00,40.00,39102.00,1.00,8051.00,24.00,2.00,1.00,1.91,0.00,7.00,7.00,5.00,4.00,0.00,9.00,2.00,32.00
4.00,41.00,39104.00,2.00,8053.00,20.00,-11.00,1.00,1.81,0.00,4.00,4.00,5.00,3.00,0.00,2.00,2.00,18.00
4.00,42.00,39106.00,2.00,8055.00,10.00,-3.00,1.00,2.22,2.00,8.00,10.00,5.00,1.00,0.00,4.00,2.00,39.00
4.00,43.00,39108.00,2.00,8057.00,10.00,8.00,0.00,0.00,0.00,0.00,0.00,0.00,0.00,0.00,0.00,0.00,0.00
4.00,44.00,39110.00,2.00,8059.00,2.00,-15.00,1.00,1.75,2.00,7.00,9.00,5.00,2.00,0.00,3.00,2.00,30.00
4.00,45.00,39112.00,2.00,8061.00,24.00,27.00,0.00,0.00,0.00,0.00,0.00,0.00,0.00,0.00,0.00,0.00,0.00
4.00,46.00,39114.00,2.00,8063.00,8.00,-3.00,1.00,1.48,1.00,5.00,6.00,9.00,1.00,0.00,2.00,4.00,17.00
4.00,47.00,39115.00,1.00,8064.00,29.00,20.00,1.00,1.49,1.00,9.00,10.00,3.00,2.00,0.00,1.00,1.00,18.00
4.00,48.00,39117.00,2.00,8066.00,15.00,-12.00,1.00,1.80,0.00,5.00,5.00,6.00,2.00,0.00,3.00,2.00,21.00
4.00,49.00,39120.00,3.00,8069.00,11.00,17.00,1.00,1.51,0.00,7.00,7.00,3.00,1.00,1.00,2.00,1.00,11.00
4.00,50.00,39122.00,2.00,8071.00,8.00,24.00,1.00,1.71,1.00,6.00,7.00,6.00,0.00,0.00,2.00,1.00,29.00
4.00,51.00,39124.00,2.00,8073.00,22.00,9.00,1.00,1.60,1.00,7.00,8.00,5.00,1.00,1.00,1.00,3.00,18.00
4.00,52.00,39127.00,3.00,8076.00,25.00,-1.00,1.00,1.78,3.00,7.00,10.00,4.00,1.00,3.00,0.00,2.00,23.00
4.00,53.00,39128.00,1.00,8077.00,22.00,6.00,1.00,1.66,0.00,4.00,4.00,3.00,3.00,0.00,3.00,4.00,38.00
4.00,54.00,39134.00,6.00,8083.00,17.00,1.00,1.00,1.53,0.00,4.00,4.00,2.00,1.00,1.00,3.00,3.00,29.00
4.00,55.00,39135.00,1.00,8084.00,19.00,-6.00,1.00,1.79,3.00,4.00,7.00,2.00,3.00,0.00,3.00,1.00,29.00
4.00,56.00,39138.00,3.00,8087.00,8.00,-5.00,1.00,1.73,0.00,3.00,3.00,7.00,0.00,1.00,2.00,2.00,29.00
4.00,57.00,39140.00,2.00,8089.00,30.00,8.00,1.00,1.78,1.00,4.00,5.00,8.00,2.00,1.00,4.00,1.00,35.00
4.00,58.00,39142.00,2.00,8091.00,27.00,-3.00,1.00,1.67,0.00,3.00,3.00,5.00,0.00,0.00,2.00,2.00,39.00
4.00,59.00,39144.00,2.00,8093.00,17.00,23.00,1.00,1.56,2.00,3.00,5.00,6.00,0.00,3.00,2.00,1.00,36.00
4.00,60.00,39146.00,2.00,8095.00,18.00,6.00,1.00,1.73,1.00,11.00,12.00,8.00,0.00,0.00,3.00,2.00,32.00
4.00,61.00,39148.00,2.00,8097.00,15.00,4.00,1.00,2.11,2.00,5.00,7.00,8.00,3.00,1.00,4.00,4.00,41.00
4.00,62.00,39151.00,3.00,8100.00,26.00,2.00,1.00,1.52,0.00,8.00,8.00,9.00,3.00,1.00,6.00,5.00,32.00
4.00,63.00,39152.00,1.00,8101.00,5.00,11.00,1.00,1.61,3.00,4.00,7.00,6.00,3.00,1.00,2.00,2.00,26.00
4.00,64.00,39154.00,2.00,8103.00,1.00,24.00,0.00,0.00,0.00,0.00,0.00,0.00,0.00,0.00,0.00,0.00,0.00
4.00,65.00,39155.00,1.00,8104.00,16.00,22.00,1.00,1.23,1.00,5.00,6.00,4.00,3.00,0.00,2.00,0.00,29.00
4.00,66.00,39158.00,3.00,8107.00,25.00,9.00,1.00,1.82,2.00,15.00,17.00,9.00,2.00,2.00,4.00,3.00,24.00
4.00,67.00,39161.00,3.00,8110.00,29.00,-8.00,1.00,1.94,2.00,4.00,6.00,6.00,1.00,3.00,3.00,4.00,37.00
4.00,68.00,39162.00,1.00,8111.00,27.00,-8.00,1.00,1.89,0.00,6.00,6.00,4.00,2.00,3.00,6.00,3.00,31.00
4.00,69.00,39164.00,2.00,8113.00,7.00,22.00,1.00,1.59,1.00,2.00,3.00,10.00,2.00,0.00,1.00,1.00,21.00
4.00,70.00,39166.00,2.00,8115.00,4.00,-12.00,1.00,1.70,0.00,3.00,3.00,8.00,1.00,0.00,5.00,4.00,18.00
4.00,71.00,39168.00,2.00,8117.00,5.00,11.00,1.00,1.67,1.00,6.00,7.00,6.00,2.00,0.00,3.00,4.00,26.00
4.00,72.00,39169.00,1.00,8118.00,7.00,-4.00,1.00,1.83,1.00,5.00,6.00,7.00,2.00,0.00,3.00,3.00,24.00
4.00,73.00,39172.00,3.00,8121.00,19.00,4.00,1.00,1.98,1.00,4.00,5.00,9.00,3.00,0.00,7.00,4.00,39.00
4.00,74.00,39173.00,1.00,8122.00,9.00,-2.00,0.00,0.00,0.00,0.00,0.00,0.00,0.00,0.00,0.00,0.00,0.00
4.00,75.00,39175.00,2.00,8124.00,12.00,13.00,1.00,1.74,2.00,10.00,12.00,6.00,4.00,1.00,2.00,1.00,31.00
4.00,76.00,39177.00,2.00,8126.00,8.00,-4.00,1.00,2.03,2.00,7.00,9.00,5.00,0.00,0.00,4.00,4.00,35.00
4.00,77.00,39178.00,1.00,8127.00,6.00,5.00,1.00,1.85,0.00,6.00,6.00,5.00,1.00,1.00,2.00,3.00,25.00
4.00,78.00,39180.00,2.00,8129.00,15.00,-5.00,1.00,1.80,1.00,4.00,5.00,6.00,1.00,0.00,5.00,2.00,20.00
4.00,79.00,39184.00,4.00,8133.00,21.00,18.00,1.00,1.47,3.00,5.00,8.00,4.00,2.00,1.00,2.00,1.00,35.00
4.00,80.00,39186.00,2.00,8135.00,13.00,34.00,1.00,1.33,1.00,4.00,5.00,6.00,1.00,1.00,0.00,1.00,23.00
4.00,81.00,39189.00,3.00,8138.00,10.00,6.00,1.00,1.50,1.00,4.00,5.00,6.00,0.00,0.00,1.00,3.00,18.00
4.00,82.00,39190.00,1.00,8139.00,26.00,13.00,1.00,1.67,0.00,5.00,5.00,9.00,2.00,0.00,2.00,2.00,24.00
5.00,1.00,39386.00,7.00,8335.00,27.00,-18.00,1.00,1.51,1.00,4.00,5.00,4.00,1.00,0.00,5.00,4.00,10.00
5.00,2.00,39388.00,2.00,8337.00,7.00,4.00,1.00,1.85,3.00,4.00,7.00,7.00,3.00,1.00,3.00,1.00,45.00
5.00,3.00,39390.00,2.00,8339.00,2.00,-11.00,1.00,1.80,1.00,4.00,5.00,8.00,2.00,4.00,3.00,0.00,27.00
5.00,4.00,39392.00,2.00,8341.00,24.00,4.00,1.00,1.74,1.00,12.00,13.00,9.00,0.00,3.00,2.00,1.00,24.00
5.00,5.00,39393.00,1.00,8342.00,25.00,-2.00,1.00,1.70,2.00,13.00,15.00,13.00,3.00,2.00,4.00,4.00,32.00
5.00,6.00,39395.00,2.00,8344.00,1.00,2.00,1.00,1.83,0.00,4.00,4.00,4.00,1.00,1.00,1.00,1.00,26.00
5.00,7.00,39397.00,2.00,8346.00,11.00,8.00,1.00,1.50,1.00,4.00,5.00,8.00,6.00,1.00,5.00,3.00,22.00
5.00,8.00,39398.00,1.00,8347.00,4.00,-22.00,1.00,1.41,0.00,1.00,1.00,4.00,2.00,0.00,4.00,3.00,27.00
5.00,9.00,39400.00,2.00,8349.00,20.00,-1.00,1.00,1.97,4.00,9.00,13.00,14.00,0.00,2.00,4.00,1.00,39.00
5.00,10.00,39402.00,2.00,8351.00,25.00,5.00,1.00,1.68,2.00,8.00,10.00,9.00,0.00,3.00,5.00,3.00,40.00
5.00,11.00,39406.00,4.00,8355.00,26.00,-4.00,1.00,1.84,0.00,7.00,7.00,7.00,1.00,1.00,3.00,4.00,34.00
5.00,12.00,39407.00,1.00,8356.00,12.00,11.00,1.00,1.63,2.00,6.00,8.00,5.00,3.00,2.00,3.00,2.00,45.00
5.00,13.00,39410.00,3.00,8359.00,17.00,3.00,1.00,1.86,3.00,9.00,12.00,12.00,3.00,1.00,4.00,3.00,37.00
5.00,14.00,39411.00,1.00,8360.00,5.00,5.00,1.00,1.49,3.00,8.00,11.00,10.00,4.00,1.00,2.00,1.00,30.00
5.00,15.00,39413.00,2.00,8362.00,9.00,5.00,1.00,1.91,0.00,4.00,4.00,13.00,2.00,2.00,3.00,2.00,38.00
5.00,16.00,39414.00,1.00,8363.00,15.00,-35.00,1.00,0.81,0.00,1.00,1.00,3.00,0.00,0.00,0.00,1.00,15.00
5.00,17.00,39416.00,2.00,8365.00,17.00,-9.00,2.00,0.00,2.00,2.00,2.00,2.00,2.00,2.00,2.00,2.00,2.00
5.00,18.00,39418.00,2.00,8367.00,9.00,-10.00,2.00,0.00,2.00,2.00,2.00,2.00,2.00,2.00,2.00,2.00,2.00
5.00,19.00,39420.00,2.00,8369.00,21.00,-21.00,2.00,0.00,2.00,2.00,2.00,2.00,2.00,2.00,2.00,2.00,2.00
5.00,20.00,39421.00,1.00,8370.00,6.00,-19.00,2.00,0.00,2.00,2.00,2.00,2.00,2.00,2.00,2.00,2.00,2.00
5.00,21.00,39424.00,3.00,8373.00,29.00,-3.00,2.00,0.00,2.00,2.00,2.00,2.00,2.00,2.00,2.00,2.00,2.00
5.00,22.00,39427.00,3.00,8376.00,5.00,13.00,0.00,0.94,1.00,2.00,3.00,5.00,1.00,1.00,4.00,2.00,17.00
5.00,23.00,39430.00,3.00,8379.00,21.00,-8.00,1.00,1.71,0.00,6.00,6.00,8.00,2.00,0.00,6.00,3.00,29.00
5.00,24.00,39431.00,1.00,8380.00,10.00,-6.00,1.00,1.74,0.00,6.00,6.00,6.00,0.00,1.00,3.00,1.00,21.00
5.00,25.00,39433.00,2.00,8382.00,26.00,5.00,1.00,2.09,1.00,7.00,8.00,5.00,1.00,0.00,2.00,3.00,31.00
5.00,26.00,39435.00,2.00,8384.00,7.00,-18.00,1.00,1.54,1.00,7.00,8.00,6.00,6.00,0.00,4.00,1.00,32.00
5.00,27.00,39436.00,1.00,8385.00,22.00,4.00,1.00,1.60,4.00,6.00,10.00,5.00,1.00,1.00,3.00,3.00,33.00
5.00,28.00,39439.00,3.00,8388.00,24.00,-9.00,1.00,1.70,2.00,3.00,5.00,8.00,1.00,1.00,3.00,2.00,25.00
5.00,29.00,39441.00,2.00,8390.00,8.00,14.00,1.00,1.61,0.00,6.00,6.00,12.00,1.00,1.00,2.00,3.00,25.00
5.00,30.00,39443.00,2.00,8392.00,27.00,7.00,1.00,1.51,4.00,4.00,8.00,7.00,3.00,0.00,3.00,5.00,24.00
5.00,31.00,39445.00,2.00,8394.00,14.00,-10.00,1.00,1.76,2.00,3.00,5.00,6.00,1.00,0.00,4.00,1.00,21.00
5.00,32.00,39449.00,4.00,8398.00,13.00,4.00,1.00,1.67,1.00,4.00,5.00,6.00,2.00,1.00,2.00,1.00,36.00
5.00,33.00,39451.00,2.00,8400.00,1.00,4.00,1.00,1.89,1.00,7.00,8.00,10.00,5.00,1.00,3.00,1.00,24.00
5.00,34.00,39453.00,2.00,8402.00,17.00,3.00,1.00,1.91,3.00,8.00,11.00,8.00,0.00,0.00,1.00,1.00,39.00
5.00,35.00,39455.00,2.00,8404.00,23.00,16.00,1.00,1.47,2.00,6.00,8.00,3.00,2.00,0.00,4.00,2.00,22.00
5.00,36.00,39456.00,1.00,8405.00,13.00,-9.00,1.00,1.81,3.00,7.00,10.00,6.00,3.00,1.00,3.00,3.00,31.00
5.00,37.00,39458.00,2.00,8407.00,29.00,7.00,1.00,2.07,5.00,14.00,19.00,8.00,4.00,3.00,8.00,3.00,31.00
5.00,38.00,39462.00,4.00,8411.00,16.00,8.00,1.00,1.97,3.00,5.00,8.00,9.00,3.00,1.00,4.00,1.00,51.00
5.00,39.00,39464.00,2.00,8413.00,28.00,2.00,1.00,1.62,3.00,6.00,9.00,7.00,0.00,2.00,3.00,1.00,27.00
5.00,40.00,39468.00,4.00,8417.00,8.00,7.00,1.00,1.65,1.00,2.00,3.00,5.00,4.00,1.00,5.00,4.00,28.00
5.00,41.00,39470.00,2.00,8419.00,6.00,36.00,1.00,1.30,2.00,6.00,8.00,8.00,2.00,1.00,0.00,2.00,23.00
5.00,42.00,39472.00,2.00,8421.00,2.00,-2.00,1.00,1.64,2.00,5.00,7.00,5.00,2.00,0.00,1.00,3.00,36.00
5.00,43.00,39474.00,2.00,8423.00,22.00,3.00,1.00,1.84,3.00,6.00,9.00,4.00,2.00,0.00,5.00,4.00,41.00
5.00,44.00,39477.00,3.00,8426.00,3.00,1.00,1.00,1.83,2.00,12.00,14.00,4.00,2.00,2.00,4.00,3.00,37.00
5.00,45.00,39478.00,1.00,8427.00,23.00,-6.00,0.00,0.00,0.00,0.00,0.00,0.00,0.00,0.00,0.00,0.00,0.00
5.00,46.00,39480.00,2.00,8429.00,11.00,14.00,1.00,1.83,0.00,11.00,11.00,7.00,2.00,1.00,3.00,2.00,28.00
5.00,47.00,39483.00,3.00,8432.00,9.00,1.00,1.00,1.77,1.00,8.00,9.00,12.00,5.00,2.00,7.00,5.00,33.00
5.00,48.00,39485.00,2.00,8434.00,18.00,-15.00,1.00,1.72,1.00,6.00,7.00,6.00,2.00,2.00,3.00,0.00,32.00
5.00,49.00,39486.00,1.00,8435.00,13.00,5.00,1.00,1.83,4.00,7.00,11.00,7.00,2.00,1.00,1.00,2.00,26.00
5.00,50.00,39488.00,2.00,8437.00,4.00,-30.00,1.00,1.36,1.00,4.00,5.00,3.00,2.00,0.00,5.00,1.00,30.00
5.00,51.00,39489.00,1.00,8438.00,20.00,7.00,1.00,1.83,1.00,6.00,7.00,10.00,3.00,1.00,5.00,3.00,29.00
5.00,52.00,39491.00,2.00,8440.00,28.00,-7.00,1.00,1.78,2.00,4.00,6.00,9.00,0.00,1.00,3.00,4.00,39.00
5.00,53.00,39497.00,6.00,8446.00,18.00,-8.00,1.00,1.76,2.00,11.00,13.00,11.00,2.00,0.00,5.00,2.00,26.00
5.00,54.00,39498.00,1.00,8447.00,5.00,9.00,1.00,1.80,2.00,12.00,14.00,12.00,2.00,1.00,4.00,1.00,31.00
5.00,55.00,39500.00,2.00,8449.00,6.00,1.00,1.00,1.86,3.00,12.00,15.00,8.00,1.00,1.00,3.00,1.00,33.00
5.00,56.00,39502.00,2.00,8451.00,16.00,20.00,1.00,1.63,1.00,6.00,7.00,11.00,3.00,1.00,6.00,2.00,25.00
5.00,57.00,39504.00,2.00,8453.00,26.00,-3.00,1.00,1.58,0.00,4.00,4.00,6.00,0.00,1.00,2.00,3.00,35.00
5.00,58.00,39505.00,1.00,8454.00,9.00,-5.00,1.00,1.63,4.00,4.00,8.00,4.00,0.00,0.00,3.00,2.00,26.00
5.00,59.00,39507.00,2.00,8456.00,12.00,8.00,1.00,1.82,2.00,6.00,8.00,13.00,2.00,0.00,3.00,2.00,30.00
5.00,60.00,39509.00,2.00,8458.00,19.00,9.00,1.00,1.66,3.00,3.00,6.00,6.00,1.00,0.00,3.00,1.00,37.00
5.00,61.00,39512.00,3.00,8461.00,7.00,14.00,1.00,1.83,1.00,7.00,8.00,10.00,4.00,0.00,2.00,3.00,50.00
5.00,62.00,39513.00,1.00,8462.00,19.00,-11.00,1.00,1.58,0.00,3.00,3.00,1.00,1.00,3.00,4.00,1.00,39.00
5.00,63.00,39515.00,2.00,8464.00,5.00,8.00,1.00,1.59,4.00,7.00,11.00,4.00,1.00,2.00,2.00,2.00,38.00
5.00,64.00,39517.00,2.00,8466.00,3.00,8.00,1.00,1.82,1.00,9.00,10.00,11.00,1.00,2.00,4.00,0.00,24.00
5.00,65.00,39519.00,2.00,8468.00,21.00,-5.00,1.00,1.90,3.00,8.00,11.00,7.00,1.00,2.00,6.00,5.00,42.00
5.00,66.00,39520.00,1.00,8469.00,6.00,-2.00,1.00,1.81,2.00,5.00,7.00,7.00,0.00,0.00,7.00,4.00,25.00
5.00,67.00,39523.00,3.00,8472.00,29.00,7.00,1.00,1.74,2.00,5.00,7.00,10.00,1.00,2.00,1.00,2.00,33.00
5.00,68.00,39524.00,1.00,8473.00,20.00,-14.00,1.00,1.76,2.00,7.00,9.00,6.00,0.00,1.00,3.00,1.00,30.00
5.00,69.00,39526.00,2.00,8475.00,15.00,16.00,1.00,1.71,3.00,4.00,7.00,6.00,1.00,1.00,0.00,0.00,30.00
5.00,70.00,39528.00,2.00,8477.00,17.00,7.00,1.00,1.73,0.00,12.00,12.00,5.00,1.00,0.00,5.00,1.00,29.00
5.00,71.00,39529.00,1.00,8478.00,26.00,-10.00,1.00,1.61,4.00,7.00,11.00,4.00,2.00,0.00,4.00,3.00,29.00
5.00,72.00,39533.00,4.00,8482.00,14.00,-1.00,1.00,1.69,0.00,3.00,3.00,8.00,2.00,2.00,2.00,2.00,21.00
5.00,73.00,39536.00,3.00,8485.00,15.00,-14.00,1.00,1.47,0.00,4.00,4.00,5.00,0.00,0.00,5.00,0.00,13.00
5.00,74.00,39537.00,1.00,8486.00,10.00,3.00,1.00,1.74,3.00,6.00,9.00,9.00,3.00,1.00,1.00,4.00,26.00
5.00,75.00,39540.00,3.00,8489.00,29.00,4.00,1.00,1.30,2.00,2.00,4.00,5.00,3.00,2.00,4.00,6.00,29.00
5.00,76.00,39541.00,1.00,8490.00,19.00,-3.00,1.00,1.60,0.00,5.00,5.00,4.00,2.00,2.00,3.00,4.00,33.00
5.00,77.00,39543.00,2.00,8492.00,20.00,-15.00,1.00,1.77,5.00,2.00,7.00,9.00,2.00,2.00,5.00,1.00,17.00
5.00,78.00,39547.00,4.00,8496.00,21.00,21.00,1.00,1.47,4.00,3.00,7.00,8.00,1.00,2.00,0.00,2.00,33.00
5.00,79.00,39549.00,2.00,8498.00,19.00,-5.00,1.00,1.59,0.00,6.00,6.00,2.00,3.00,0.00,3.00,2.00,34.00
5.00,80.00,39551.00,2.00,8500.00,8.00,8.00,1.00,1.47,0.00,11.00,11.00,7.00,1.00,2.00,5.00,1.00,13.00
5.00,81.00,39552.00,1.00,8501.00,10.00,1.00,1.00,1.74,1.00,3.00,4.00,5.00,2.00,1.00,5.00,3.00,27.00
5.00,82.00,39554.00,2.00,8503.00,15.00,-10.00,0.00,0.00,0.00,0.00,0.00,0.00,0.00,0.00,0.00,0.00,0.00
6.00,1.00,39749.00,7.00,8698.00,9.00,-5.00,1.00,1.50,1.00,6.00,7.00,6.00,2.00,1.00,3.00,4.00,22.00
6.00,2.00,39751.00,2.00,8700.00,29.00,17.00,1.00,1.26,2.00,7.00,9.00,9.00,0.00,1.00,5.00,3.00,22.00
6.00,3.00,39753.00,2.00,8702.00,14.00,-12.00,1.00,1.57,2.00,5.00,7.00,13.00,3.00,0.00,5.00,3.00,15.00
6.00,4.00,39755.00,2.00,8704.00,27.00,19.00,1.00,1.42,2.00,6.00,8.00,3.00,2.00,1.00,1.00,1.00,29.00
6.00,5.00,39757.00,2.00,8706.00,19.00,14.00,1.00,1.49,2.00,7.00,9.00,6.00,4.00,0.00,5.00,1.00,41.00
6.00,6.00,39759.00,2.00,8708.00,5.00,4.00,1.00,1.64,2.00,7.00,9.00,8.00,1.00,4.00,4.00,2.00,27.00
6.00,7.00,39760.00,1.00,8709.00,19.00,9.00,1.00,1.63,4.00,9.00,13.00,4.00,0.00,0.00,2.00,1.00,41.00
6.00,8.00,39763.00,3.00,8712.00,26.00,6.00,1.00,1.78,0.00,5.00,5.00,6.00,3.00,0.00,2.00,2.00,41.00
6.00,9.00,39765.00,2.00,8714.00,4.00,11.00,1.00,1.58,1.00,7.00,8.00,11.00,3.00,0.00,5.00,4.00,22.00
6.00,10.00,39767.00,2.00,8716.00,25.00,12.00,1.00,1.75,3.00,2.00,5.00,7.00,2.00,2.00,2.00,2.00,38.00
6.00,11.00,39770.00,3.00,8719.00,21.00,24.00,1.00,1.50,0.00,8.00,8.00,4.00,0.00,1.00,3.00,3.00,31.00
6.00,12.00,39771.00,1.00,8720.00,15.00,-7.00,1.00,1.65,1.00,5.00,6.00,6.00,4.00,0.00,3.00,1.00,25.00
6.00,13.00,39774.00,3.00,8723.00,13.00,14.00,1.00,1.52,1.00,6.00,7.00,8.00,2.00,0.00,2.00,3.00,24.00
6.00,14.00,39777.00,3.00,8726.00,7.00,18.00,1.00,1.26,0.00,4.00,4.00,1.00,1.00,1.00,1.00,0.00,26.00
6.00,15.00,39778.00,1.00,8727.00,31.00,35.00,1.00,0.71,0.00,3.00,3.00,3.00,1.00,3.00,0.00,0.00,14.00
6.00,16.00,39780.00,2.00,8729.00,24.00,15.00,1.00,1.28,1.00,6.00,7.00,8.00,3.00,1.00,2.00,2.00,23.00
6.00,17.00,39781.00,1.00,8730.00,26.00,12.00,1.00,1.72,1.00,6.00,7.00,5.00,2.00,1.00,3.00,3.00,32.00
6.00,18.00,39785.00,4.00,8734.00,7.00,36.00,1.00,1.17,0.00,5.00,5.00,6.00,5.00,1.00,0.00,0.00,21.00
6.00,19.00,39787.00,2.00,8736.00,5.00,24.00,1.00,1.57,2.00,6.00,8.00,11.00,1.00,3.00,2.00,2.00,11.00
6.00,20.00,39788.00,1.00,8737.00,29.00,20.00,1.00,1.15,2.00,3.00,5.00,4.00,2.00,2.00,3.00,3.00,25.00
6.00,21.00,39791.00,3.00,8740.00,17.00,20.00,1.00,1.27,0.00,5.00,5.00,4.00,3.00,0.00,2.00,1.00,31.00
6.00,22.00,39792.00,1.00,8741.00,10.00,8.00,1.00,1.63,2.00,2.00,4.00,5.00,0.00,2.00,1.00,4.00,29.00
6.00,23.00,39794.00,2.00,8743.00,10.00,16.00,1.00,1.53,3.00,4.00,7.00,7.00,1.00,3.00,0.00,2.00,28.00
6.00,24.00,39795.00,1.00,8744.00,13.00,-5.00,1.00,1.90,2.00,4.00,6.00,9.00,4.00,1.00,1.00,2.00,33.00
6.00,25.00,39799.00,4.00,8748.00,12.00,23.00,1.00,1.65,0.00,6.00,6.00,3.00,2.00,2.00,0.00,1.00,32.00
6.00,26.00,39801.00,2.00,8750.00,4.00,17.00,1.00,1.61,3.00,7.00,10.00,8.00,0.00,0.00,6.00,3.00,33.00
6.00,27.00,39803.00,2.00,8752.00,31.00,11.00,1.00,1.78,2.00,2.00,4.00,7.00,3.00,1.00,3.00,1.00,31.00
6.00,28.00,39805.00,2.00,8754.00,18.00,9.00,1.00,1.60,1.00,8.00,9.00,5.00,3.00,1.00,7.00,2.00,27.00
6.00,29.00,39807.00,2.00,8756.00,6.00,4.00,1.00,1.59,0.00,5.00,5.00,6.00,3.00,1.00,3.00,1.00,18.00
6.00,30.00,39810.00,3.00,8759.00,8.00,7.00,1.00,1.77,0.00,6.00,6.00,9.00,0.00,1.00,2.00,1.00,33.00
6.00,31.00,39812.00,2.00,8760.00,8.00,-9.00,1.00,1.81,0.00,2.00,2.00,7.00,0.00,2.00,5.00,2.00,38.00
6.00,32.00,39815.00,3.00,8763.00,19.00,25.00,1.00,1.55,1.00,9.00,10.00,11.00,2.00,3.00,5.00,1.00,16.00
6.00,33.00,39817.00,2.00,8765.00,6.00,-3.00,1.00,1.70,0.00,6.00,6.00,10.00,1.00,2.00,7.00,4.00,30.00
6.00,34.00,39820.00,3.00,8768.00,29.00,30.00,1.00,1.29,0.00,4.00,4.00,4.00,2.00,2.00,4.00,1.00,21.00
6.00,35.00,39822.00,2.00,8770.00,9.00,15.00,1.00,1.49,1.00,6.00,7.00,6.00,4.00,3.00,3.00,2.00,38.00
6.00,36.00,39826.00,4.00,8774.00,16.00,15.00,1.00,1.68,0.00,11.00,11.00,10.00,3.00,1.00,2.00,2.00,30.00
6.00,37.00,39828.00,2.00,8776.00,19.00,-9.00,1.00,1.85,3.00,11.00,14.00,7.00,1.00,1.00,8.00,4.00,28.00
6.00,38.00,39829.00,1.00,8777.00,14.00,14.00,1.00,1.79,3.00,11.00,14.00,7.00,3.00,1.00,4.00,3.00,29.00
6.00,39.00,39832.00,3.00,8780.00,22.00,-17.00,1.00,1.76,2.00,7.00,9.00,4.00,4.00,1.00,6.00,1.00,23.00
6.00,40.00,39834.00,2.00,8782.00,3.00,6.00,1.00,1.75,0.00,7.00,7.00,14.00,1.00,0.00,2.00,1.00,34.00
6.00,41.00,39836.00,2.00,8784.00,24.00,1.00,1.00,1.69,2.00,7.00,9.00,8.00,3.00,2.00,2.00,2.00,32.00
6.00,42.00,39837.00,1.00,8785.00,25.00,5.00,1.00,1.71,4.00,10.00,14.00,9.00,1.00,0.00,2.00,1.00,33.00
6.00,43.00,39840.00,3.00,8788.00,1.00,7.00,1.00,1.56,5.00,10.00,15.00,11.00,0.00,3.00,2.00,1.00,23.00
6.00,44.00,39842.00,2.00,8790.00,20.00,-11.00,1.00,1.57,1.00,7.00,8.00,8.00,1.00,1.00,2.00,1.00,23.00
6.00,45.00,39843.00,1.00,8791.00,11.00,17.00,1.00,1.55,0.00,7.00,7.00,6.00,3.00,1.00,3.00,2.00,25.00
6.00,46.00,39845.00,2.00,8793.00,15.00,10.00,1.00,1.62,4.00,0.00,4.00,8.00,1.00,1.00,5.00,3.00,33.00
6.00,47.00,39847.00,2.00,8795.00,17.00,18.00,1.00,1.56,1.00,6.00,7.00,4.00,1.00,2.00,3.00,3.00,33.00
6.00,48.00,39848.00,1.00,8796.00,7.00,5.00,1.00,1.84,0.00,9.00,9.00,11.00,0.00,2.00,3.00,1.00,52.00
6.00,49.00,39852.00,4.00,8800.00,22.00,-10.00,1.00,1.67,3.00,5.00,8.00,12.00,0.00,0.00,1.00,1.00,16.00
6.00,50.00,39854.00,2.00,8802.00,5.00,-1.00,1.00,1.72,0.00,7.00,7.00,4.00,1.00,1.00,7.00,1.00,47.00
6.00,51.00,39855.00,1.00,8803.00,2.00,17.00,1.00,1.39,2.00,4.00,6.00,6.00,2.00,1.00,3.00,1.00,26.00
6.00,52.00,39862.00,7.00,8810.00,17.00,17.00,1.00,1.38,1.00,8.00,9.00,9.00,1.00,1.00,5.00,1.00,20.00
6.00,53.00,39864.00,2.00,8812.00,26.00,8.00,1.00,1.67,1.00,4.00,5.00,9.00,0.00,0.00,6.00,3.00,55.00
6.00,54.00,39866.00,2.00,8814.00,15.00,21.00,1.00,1.27,0.00,5.00,5.00,9.00,2.00,1.00,0.00,0.00,20.00
6.00,55.00,39868.00,2.00,8816.00,16.00,15.00,1.00,1.24,0.00,5.00,5.00,8.00,0.00,1.00,2.00,1.00,15.00
6.00,56.00,39870.00,2.00,8818.00,18.00,-19.00,1.00,1.41,0.00,1.00,1.00,0.00,1.00,2.00,3.00,4.00,21.00
6.00,57.00,39871.00,1.00,8819.00,28.00,11.00,1.00,1.34,4.00,10.00,14.00,4.00,2.00,0.00,1.00,2.00,30.00
6.00,58.00,39873.00,2.00,8821.00,13.00,1.00,1.00,1.82,1.00,5.00,6.00,11.00,1.00,2.00,0.00,3.00,26.00
6.00,59.00,39874.00,1.00,8822.00,8.00,7.00,1.00,1.82,1.00,7.00,8.00,4.00,1.00,1.00,6.00,4.00,42.00
6.00,60.00,39876.00,2.00,8824.00,26.00,18.00,1.00,1.38,1.00,7.00,8.00,4.00,1.00,0.00,3.00,2.00,23.00
6.00,61.00,39878.00,2.00,8826.00,9.00,-11.00,1.00,1.60,0.00,6.00,6.00,5.00,1.00,0.00,4.00,1.00,21.00
6.00,62.00,39879.00,1.00,8827.00,8.00,10.00,1.00,1.80,2.00,8.00,10.00,12.00,1.00,1.00,2.00,0.00,14.00
6.00,63.00,39882.00,3.00,8830.00,11.00,4.00,1.00,1.82,4.00,9.00,13.00,11.00,2.00,2.00,4.00,2.00,32.00
6.00,64.00,39884.00,2.00,8832.00,2.00,8.00,1.00,1.81,6.00,4.00,10.00,13.00,3.00,3.00,3.00,0.00,34.00
6.00,65.00,39885.00,1.00,8833.00,1.00,3.00,1.00,1.96,0.00,4.00,4.00,9.00,2.00,3.00,3.00,2.00,51.00
6.00,66.00,39887.00,2.00,8835.00,7.00,5.00,1.00,1.66,1.00,7.00,8.00,10.00,4.00,3.00,3.00,1.00,19.00
6.00,67.00,39889.00,2.00,8837.00,20.00,4.00,1.00,1.78,2.00,10.00,12.00,8.00,4.00,1.00,6.00,1.00,43.00
6.00,68.00,39891.00,2.00,8839.00,3.00,5.00,1.00,1.95,0.00,11.00,11.00,10.00,1.00,2.00,0.00,4.00,26.00
6.00,69.00,39893.00,2.00,8841.00,13.00,6.00,1.00,1.67,1.00,6.00,7.00,5.00,3.00,1.00,2.00,2.00,22.00
6.00,70.00,39894.00,1.00,8842.00,21.00,8.00,1.00,1.63,2.00,9.00,11.00,8.00,1.00,0.00,1.00,0.00,30.00
6.00,71.00,39897.00,3.00,8845.00,21.00,11.00,1.00,1.63,1.00,7.00,8.00,11.00,1.00,0.00,1.00,0.00,22.00
6.00,72.00,39899.00,2.00,8847.00,12.00,22.00,1.00,1.40,2.00,10.00,12.00,7.00,0.00,0.00,5.00,0.00,25.00
6.00,73.00,39901.00,2.00,8849.00,27.00,28.00,1.00,1.30,1.00,5.00,6.00,12.00,1.00,2.00,0.00,0.00,24.00
6.00,74.00,39903.00,2.00,8851.00,15.00,6.00,1.00,1.69,1.00,11.00,12.00,3.00,3.00,1.00,1.00,0.00,25.00
6.00,75.00,39905.00,2.00,8853.00,6.00,-8.00,1.00,1.60,1.00,8.00,9.00,6.00,0.00,0.00,6.00,1.00,31.00
6.00,76.00,39906.00,1.00,8854.00,20.00,-29.00,1.00,1.33,1.00,8.00,9.00,5.00,1.00,0.00,2.00,1.00,26.00
6.00,77.00,39908.00,2.00,8856.00,28.00,20.00,1.00,1.53,0.00,7.00,7.00,6.00,1.00,0.00,2.00,1.00,38.00
6.00,78.00,39911.00,3.00,8859.00,6.00,12.00,1.00,1.29,0.00,6.00,6.00,7.00,3.00,0.00,2.00,1.00,21.00
6.00,79.00,39913.00,2.00,8861.00,10.00,10.00,1.00,1.52,0.00,2.00,2.00,10.00,0.00,1.00,1.00,4.00,27.00
6.00,80.00,39915.00,2.00,8863.00,9.00,31.00,1.00,1.27,0.00,4.00,4.00,7.00,1.00,1.00,5.00,1.00,29.00
6.00,81.00,39916.00,1.00,8864.00,5.00,8.00,1.00,1.61,0.00,5.00,5.00,5.00,1.00,0.00,5.00,1.00,37.00
6.00,82.00,39918.00,2.00,8866.00,10.00,-1.00,2.00,0.00,2.00,2.00,2.00,2.00,2.00,2.00,2.00,2.00,2.00
7.00,1.00,40113.00,7.00,9061.00,9.00,-6.00,1.00,1.87,0.00,4.00,4.00,8.00,2.00,4.00,5.00,4.00,38.00
7.00,2.00,40114.00,1.00,9062.00,17.00,-10.00,1.00,1.66,2.00,9.00,11.00,12.00,2.00,0.00,4.00,1.00,23.00
7.00,3.00,40116.00,2.00,9064.00,12.00,17.00,1.00,1.39,2.00,7.00,9.00,6.00,1.00,1.00,2.00,1.00,24.00
7.00,4.00,40117.00,1.00,9065.00,29.00,11.00,1.00,1.55,1.00,6.00,7.00,9.00,0.00,0.00,4.00,1.00,14.00
7.00,5.00,40120.00,3.00,9068.00,6.00,12.00,1.00,1.50,3.00,5.00,8.00,6.00,3.00,0.00,4.00,0.00,27.00
7.00,6.00,40122.00,2.00,9070.00,19.00,-1.00,1.00,1.59,0.00,7.00,7.00,6.00,1.00,1.00,3.00,0.00,25.00
7.00,7.00,40123.00,1.00,9071.00,7.00,9.00,1.00,1.48,0.00,8.00,8.00,9.00,3.00,0.00,7.00,3.00,33.00
7.00,8.00,40128.00,5.00,9076.00,20.00,9.00,1.00,1.63,2.00,6.00,8.00,4.00,1.00,0.00,4.00,2.00,36.00
7.00,9.00,40129.00,1.00,9077.00,8.00,7.00,1.00,1.62,1.00,3.00,4.00,7.00,2.00,1.00,2.00,2.00,34.00
7.00,10.00,40131.00,2.00,9079.00,25.00,4.00,1.00,1.56,0.00,6.00,6.00,9.00,2.00,1.00,2.00,1.00,21.00
7.00,11.00,40134.00,3.00,9082.00,24.00,6.00,1.00,1.61,0.00,5.00,5.00,12.00,1.00,2.00,2.00,2.00,31.00
7.00,12.00,40135.00,1.00,9083.00,6.00,-17.00,1.00,1.46,0.00,2.00,2.00,9.00,2.00,0.00,6.00,4.00,34.00
7.00,13.00,40137.00,2.00,9085.00,5.00,10.00,1.00,1.58,2.00,7.00,9.00,7.00,1.00,1.00,2.00,1.00,40.00
7.00,14.00,40138.00,1.00,9086.00,10.00,6.00,1.00,1.61,0.00,7.00,7.00,9.00,0.00,0.00,5.00,3.00,32.00
7.00,15.00,40142.00,4.00,9090.00,15.00,10.00,1.00,1.62,1.00,7.00,8.00,7.00,1.00,0.00,5.00,2.00,34.00
7.00,16.00,40144.00,2.00,9092.00,29.00,-7.00,1.00,1.58,0.00,6.00,6.00,4.00,0.00,0.00,6.00,4.00,25.00
7.00,17.00,40145.00,1.00,9093.00,27.00,16.00,1.00,1.51,0.00,5.00,5.00,12.00,0.00,0.00,1.00,2.00,25.00
7.00,18.00,40149.00,4.00,9097.00,2.00,17.00,1.00,1.44,1.00,7.00,8.00,10.00,1.00,1.00,3.00,0.00,12.00
7.00,19.00,40151.00,2.00,9099.00,19.00,14.00,1.00,1.43,0.00,6.00,6.00,11.00,0.00,0.00,1.00,1.00,23.00
7.00,20.00,40153.00,2.00,9101.00,26.00,15.00,1.00,1.35,1.00,4.00,5.00,10.00,1.00,1.00,5.00,2.00,14.00
7.00,21.00,40155.00,2.00,9103.00,16.00,-2.00,1.00,1.87,4.00,9.00,13.00,6.00,0.00,1.00,5.00,2.00,43.00
7.00,22.00,40156.00,1.00,9104.00,18.00,-10.00,1.00,1.65,1.00,5.00,6.00,7.00,1.00,1.00,5.00,2.00,27.00
7.00,23.00,40158.00,2.00,9106.00,3.00,5.00,1.00,1.57,1.00,6.00,7.00,7.00,1.00,2.00,4.00,1.00,33.00
7.00,24.00,40160.00,2.00,9108.00,31.00,13.00,1.00,1.61,0.00,7.00,7.00,6.00,4.00,1.00,1.00,1.00,44.00
7.00,25.00,40162.00,2.00,9110.00,21.00,10.00,1.00,1.69,1.00,5.00,6.00,7.00,2.00,0.00,6.00,3.00,23.00
7.00,26.00,40163.00,1.00,9111.00,10.00,7.00,1.00,1.68,1.00,5.00,6.00,7.00,3.00,1.00,3.00,2.00,36.00
7.00,27.00,40165.00,2.00,9113.00,26.00,3.00,1.00,1.60,1.00,9.00,10.00,8.00,0.00,3.00,6.00,1.00,26.00
7.00,28.00,40167.00,2.00,9115.00,27.00,-7.00,1.00,1.80,0.00,3.00,3.00,6.00,2.00,2.00,2.00,3.00,25.00
7.00,29.00,40168.00,1.00,9116.00,2.00,18.00,1.00,1.60,1.00,5.00,6.00,4.00,2.00,0.00,3.00,3.00,29.00
7.00,30.00,40170.00,2.00,9118.00,1.00,13.00,1.00,1.82,4.00,12.00,16.00,10.00,0.00,0.00,2.00,1.00,34.00
7.00,31.00,40172.00,2.00,9120.00,22.00,15.00,1.00,1.70,0.00,4.00,4.00,9.00,2.00,1.00,7.00,3.00,26.00
7.00,32.00,40174.00,2.00,9122.00,18.00,25.00,1.00,1.23,2.00,3.00,5.00,6.00,3.00,1.00,1.00,0.00,29.00
7.00,33.00,40176.00,2.00,9124.00,13.00,11.00,1.00,1.65,1.00,7.00,8.00,10.00,5.00,1.00,4.00,2.00,14.00
7.00,34.00,40177.00,1.00,9125.00,13.00,5.00,1.00,1.80,3.00,7.00,10.00,6.00,2.00,2.00,3.00,3.00,48.00
7.00,35.00,40180.00,3.00,9128.00,21.00,8.00,1.00,1.52,1.00,8.00,9.00,7.00,1.00,2.00,1.00,0.00,28.00
7.00,36.00,40181.00,1.00,9129.00,29.00,-3.00,1.00,1.79,0.00,7.00,7.00,6.00,1.00,1.00,1.00,3.00,29.00
7.00,37.00,40184.00,3.00,9132.00,6.00,23.00,1.00,1.28,2.00,5.00,7.00,8.00,1.00,2.00,1.00,0.00,23.00
7.00,38.00,40186.00,2.00,9134.00,4.00,-2.00,1.00,1.72,2.00,4.00,6.00,7.00,1.00,0.00,8.00,1.00,35.00
7.00,39.00,40188.00,2.00,9136.00,3.00,12.00,1.00,1.89,0.00,10.00,10.00,8.00,0.00,1.00,3.00,1.00,41.00
7.00,40.00,40189.00,1.00,9137.00,24.00,3.00,1.00,1.73,1.00,7.00,8.00,11.00,2.00,4.00,2.00,1.00,37.00
7.00,41.00,40192.00,3.00,9140.00,25.00,-1.00,1.00,1.68,1.00,8.00,9.00,6.00,5.00,1.00,5.00,1.00,36.00
7.00,42.00,40194.00,2.00,9142.00,11.00,1.00,1.00,1.62,2.00,2.00,4.00,4.00,2.00,1.00,5.00,3.00,32.00
7.00,43.00,40197.00,3.00,9145.00,17.00,8.00,1.00,1.71,0.00,9.00,9.00,11.00,3.00,3.00,3.00,1.00,28.00
7.00,44.00,40199.00,2.00,9147.00,22.00,6.00,1.00,1.68,0.00,5.00,5.00,9.00,2.00,1.00,4.00,3.00,37.00
7.00,45.00,40201.00,2.00,9149.00,31.00,1.00,1.00,1.78,0.00,9.00,9.00,12.00,1.00,1.00,6.00,2.00,37.00
7.00,46.00,40203.00,2.00,9151.00,8.00,1.00,1.00,1.60,0.00,9.00,9.00,4.00,1.00,0.00,4.00,3.00,32.00
7.00,47.00,40205.00,2.00,9153.00,12.00,14.00,1.00,1.27,0.00,6.00,6.00,11.00,1.00,1.00,3.00,1.00,12.00
7.00,48.00,40207.00,2.00,9155.00,5.00,21.00,1.00,1.49,0.00,9.00,9.00,13.00,2.00,4.00,5.00,2.00,22.00
7.00,49.00,40209.00,2.00,9157.00,11.00,25.00,1.00,1.66,1.00,2.00,3.00,11.00,1.00,0.00,1.00,1.00,32.00
7.00,50.00,40211.00,2.00,9159.00,16.00,16.00,1.00,1.55,1.00,5.00,6.00,15.00,1.00,1.00,4.00,2.00,22.00
7.00,51.00,40213.00,2.00,9161.00,8.00,16.00,1.00,1.67,2.00,5.00,7.00,8.00,2.00,0.00,4.00,1.00,36.00
7.00,52.00,40215.00,2.00,9163.00,7.00,7.00,1.00,1.83,1.00,7.00,8.00,8.00,5.00,0.00,5.00,2.00,47.00
7.00,53.00,40218.00,3.00,9166.00,21.00,7.00,1.00,1.76,0.00,3.00,3.00,11.00,1.00,0.00,3.00,0.00,32.00
7.00,54.00,40220.00,2.00,9168.00,20.00,9.00,1.00,1.88,1.00,7.00,8.00,13.00,2.00,0.00,3.00,2.00,32.00
7.00,55.00,40227.00,7.00,9175.00,4.00,-2.00,1.00,1.96,1.00,12.00,13.00,15.00,2.00,4.00,3.00,1.00,43.00
7.00,56.00,40228.00,1.00,9176.00,29.00,-17.00,1.00,1.48,1.00,2.00,3.00,9.00,4.00,0.00,2.00,2.00,22.00
7.00,57.00,40230.00,2.00,9178.00,20.00,-6.00,1.00,1.64,0.00,9.00,9.00,6.00,2.00,1.00,5.00,0.00,33.00
7.00,58.00,40232.00,2.00,9180.00,14.00,10.00,1.00,1.84,1.00,4.00,5.00,13.00,2.00,0.00,0.00,0.00,20.00
7.00,59.00,40234.00,2.00,9182.00,9.00,20.00,1.00,1.50,1.00,6.00,7.00,9.00,0.00,0.00,2.00,2.00,36.00
7.00,60.00,40235.00,1.00,9183.00,17.00,8.00,1.00,1.85,0.00,6.00,6.00,9.00,2.00,0.00,1.00,2.00,36.00
7.00,61.00,40238.00,3.00,9186.00,7.00,31.00,1.00,1.30,0.00,7.00,7.00,7.00,2.00,2.00,3.00,0.00,22.00
7.00,62.00,40240.00,2.00,9188.00,21.00,19.00,1.00,1.70,2.00,5.00,7.00,14.00,3.00,1.00,3.00,1.00,26.00
7.00,63.00,40242.00,2.00,9190.00,15.00,7.00,1.00,1.74,2.00,11.00,13.00,6.00,3.00,2.00,4.00,1.00,40.00
7.00,64.00,40243.00,1.00,9191.00,26.00,-7.00,2.00,0.00,2.00,2.00,2.00,2.00,2.00,2.00,2.00,2.00,2.00
7.00,65.00,40245.00,2.00,9193.00,28.00,2.00,0.00,0.00,0.00,0.00,0.00,0.00,0.00,0.00,0.00,0.00,0.00
7.00,66.00,40249.00,4.00,9197.00,10.00,5.00,1.00,1.75,0.00,6.00,6.00,10.00,1.00,3.00,1.00,2.00,23.00
7.00,67.00,40251.00,2.00,9199.00,9.00,11.00,1.00,1.62,3.00,5.00,8.00,7.00,2.00,3.00,2.00,2.00,30.00
7.00,68.00,40253.00,2.00,9201.00,15.00,12.00,1.00,1.80,2.00,10.00,12.00,12.00,1.00,1.00,4.00,0.00,29.00
7.00,69.00,40254.00,1.00,9202.00,5.00,5.00,1.00,1.61,1.00,8.00,9.00,9.00,3.00,2.00,6.00,2.00,32.00
7.00,70.00,40256.00,2.00,9204.00,19.00,7.00,1.00,1.56,1.00,10.00,11.00,7.00,2.00,2.00,5.00,1.00,29.00
7.00,71.00,40258.00,2.00,9206.00,15.00,25.00,1.00,1.28,0.00,3.00,3.00,7.00,0.00,1.00,0.00,0.00,15.00
7.00,72.00,40261.00,3.00,9209.00,14.00,13.00,1.00,1.70,2.00,4.00,6.00,9.00,1.00,0.00,3.00,2.00,38.00
7.00,73.00,40263.00,2.00,9211.00,28.00,-5.00,1.00,1.64,0.00,5.00,5.00,10.00,2.00,0.00,5.00,2.00,27.00
7.00,74.00,40265.00,2.00,9213.00,1.00,7.00,1.00,1.63,1.00,6.00,7.00,8.00,3.00,0.00,3.00,2.00,34.00
7.00,75.00,40268.00,3.00,9216.00,26.00,3.00,1.00,1.63,1.00,8.00,9.00,7.00,1.00,1.00,4.00,2.00,23.00
7.00,76.00,40270.00,2.00,9218.00,13.00,5.00,1.00,1.60,0.00,13.00,13.00,6.00,2.00,0.00,2.00,1.00,27.00
7.00,77.00,40272.00,2.00,9220.00,9.00,-4.00,1.00,1.86,1.00,6.00,7.00,9.00,1.00,1.00,3.00,0.00,42.00
7.00,78.00,40274.00,2.00,9222.00,17.00,12.00,1.00,1.48,0.00,6.00,6.00,13.00,0.00,1.00,4.00,1.00,19.00
7.00,79.00,40276.00,2.00,9224.00,19.00,-1.00,0.00,0.00,0.00,0.00,0.00,0.00,0.00,0.00,0.00,0.00,0.00
7.00,80.00,40277.00,1.00,9225.00,5.00,-3.00,0.00,0.00,0.00,0.00,0.00,0.00,0.00,0.00,0.00,0.00,0.00
7.00,81.00,40279.00,2.00,9227.00,20.00,-6.00,0.00,0.00,0.00,0.00,0.00,0.00,0.00,0.00,0.00,0.00,0.00
7.00,82.00,40282.00,3.00,9230.00,13.00,-16.00,0.00,0.00,0.00,0.00,0.00,0.00,0.00,0.00,0.00,0.00,0.00