Season,Game #,Date,Age,Team,Opp,Score diff,Played?,Minutes,FG,FGA,FG%,3P,3PA,3P%,FT,FTA,FT%,ORB,DRB,TRB,AST,STL,BLK,TOV,PF,PTS,GmSc,+/-
1,1,10/29/03,18-303,CLE,SAC,L (-14),1,42:50:00,12,20,0.6,0,2,0,1,3,0.333,2,4,6,9,4,0,2,3,25,24.7,-9
1,2,10/30/03,18-304,CLE,PHO,L (-9),1,40:21:00,8,17,0.471,1,5,0.2,4,7,0.571,2,10,12,8,1,0,7,1,21,14.7,-3
1,3,11/1/03,18-306,CLE,POR,L (-19),1,39:10:00,3,12,0.25,0,1,0,2,2,1,0,4,4,6,2,0,2,3,8,5,-21
1,4,11/5/03,18-310,CLE,DEN,L (-4),1,41:06:00,3,11,0.273,0,2,0,1,1,1,2,9,11,7,2,3,2,1,7,11.2,-3
1,5,11/7/03,18-312,CLE,IND,L (-1),1,43:44:00,8,18,0.444,1,2,0.5,6,7,0.857,0,5,5,3,0,0,7,2,23,9,-7
1,6,11/8/03,18-313,CLE,WAS,W (+13),1,44:30:00,8,19,0.421,0,0,0,1,4,0.25,5,3,8,9,1,1,2,1,17,15.7,14
1,7,11/10/03,18-315,CLE,NYK,W (+14),1,33:39:00,7,12,0.583,3,3,1,0,0,0,1,4,5,4,1,1,2,0,17,15.8,20
1,8,11/12/03,18-317,CLE,MIA,L (-5),1,42:40:00,6,15,0.4,2,5,0.4,4,6,0.667,1,2,3,7,2,1,4,3,18,12.8,-4
1,9,11/14/03,18-319,CLE,BOS,L (-9),1,35:36:00,3,12,0.25,2,4,0.5,2,4,0.5,1,4,5,3,0,0,4,3,10,0.8,-1
1,10,11/15/03,18-320,CLE,PHI,W (+3),1,46:57:00,10,19,0.526,0,1,0,2,4,0.5,0,5,5,8,1,2,5,2,22,15.6,8
1,11,11/18/03,18-323,CLE,LAC,W (+8),1,39:25:00,6,16,0.375,0,2,0,2,4,0.5,2,5,7,8,0,1,3,2,14,9.8,1
1,12,11/19/03,18-324,CLE,WAS,L (-11),1,39:09:00,10,18,0.556,2,4,0.5,6,8,0.75,2,5,7,8,2,1,4,2,28,25,-5
1,13,11/21/03,18-326,CLE,MIN,L (-14),1,35:18:00,8,19,0.421,0,2,0,3,3,1,2,7,9,2,1,0,1,4,19,12.2,-5
1,14,11/22/03,18-327,CLE,ATL,L (-9),1,42:18:00,3,16,0.188,0,1,0,9,10,0.9,2,4,6,4,2,1,3,1,15,9.3,-6
1,15,11/26/03,18-331,CLE,NOH,L (-10),1,38:48:00,5,17,0.294,1,4,0.25,4,4,1,2,6,8,9,0,0,4,1,15,10.2,-13
1,16,11/28/03,18-333,CLE,DET,L (-4),1,36:27:00,2,8,0.25,0,2,0,2,3,0.667,0,2,2,7,0,0,4,3,6,1.1,-10
1,17,11/29/03,18-334,CLE,MEM,L (-7),1,54:41:00,14,28,0.5,3,6,0.5,2,3,0.667,2,14,16,7,1,1,8,1,33,22.4,-10
1,18,12/2/03,18-337,CLE,DEN,L (-12),1,32:31:00,6,19,0.316,2,3,0.667,5,7,0.714,3,3,6,5,2,0,2,4,19,12.2,-12
1,19,12/3/03,18-338,CLE,LAC,L (-10),1,34:05:00,2,13,0.154,0,3,0,0,0,0,4,2,6,8,2,0,5,2,4,0.9,3
1,20,12/6/03,18-341,CLE,ATL,W (+10),1,36:04:00,4,12,0.333,0,2,0,0,0,0,1,5,6,5,2,1,3,2,8,5.8,-5
1,21,12/9/03,18-344,CLE,TOR,L (-7),1,37:03:00,7,16,0.438,0,0,0,4,4,1,0,5,5,3,1,0,2,2,18,11.4,-2
1,22,12/11/03,18-346,CLE,DET,W (+9),1,42:46:00,8,21,0.381,1,3,0.333,6,8,0.75,1,2,3,9,1,1,4,3,23,14.8,9
1,23,12/13/03,18-348,CLE,BOS,L (-7),1,45:25:00,10,20,0.5,1,5,0.2,16,18,0.889,1,2,3,4,0,0,2,2,37,27.5,-2
1,24,12/15/03,18-350,CLE,IND,L (-10),1,43:40:00,10,16,0.625,0,3,0,7,8,0.875,1,3,4,6,3,3,6,1,27,23.9,-12
1,25,12/17/03,18-352,CLE,HOU,L (-4),1,36:00:00,7,19,0.368,2,4,0.5,1,2,0.5,0,1,1,3,0,0,2,2,17,5.7,-9
1,26,12/19/03,18-354,CLE,PHI,W (+7),1,41:41:00,14,24,0.583,5,7,0.714,3,3,1,1,3,4,5,4,0,4,1,36,29.5,9
1,27,12/20/03,18-355,CLE,CHI,W (+8),1,41:44:00,11,22,0.5,0,5,0,10,12,0.833,1,5,6,10,2,2,4,2,32,28,9
1,28,12/23/03,18-358,CLE,NOH,W (+11),1,39:10:00,7,22,0.318,1,6,0.167,7,8,0.875,2,4,6,2,6,1,5,1,22,14.3,9
1,29,12/25/03,18-360,CLE,ORL,L (-12),1,47:06:00,13,28,0.464,4,10,0.4,4,5,0.8,1,1,2,6,2,1,8,0,34,19.1,-9
1,30,12/26/03,18-361,CLE,CHI,L (-7),1,34:20:00,7,24,0.292,1,4,0.25,3,4,0.75,1,2,3,4,1,2,5,0,18,5.1,-12
1,31,12/28/03,18-363,CLE,POR,W (+12),1,39:05:00,15,23,0.652,0,2,0,2,2,1,3,7,10,9,3,0,5,1,32,30,11
1,32,12/30/03,19-000,CLE,IND,L (-3),1,38:07:00,9,20,0.45,0,4,0,4,6,0.667,2,8,10,4,0,0,4,2,22,12.6,-2
1,33,1/2/04,19-003,CLE,NJN,L (-15),1,36:04:00,6,19,0.316,0,4,0,2,4,0.5,1,3,4,9,1,0,3,2,14,7.4,-14
1,34,1/6/04,19-007,CLE,NYK,W (+11),1,41:25:00,6,17,0.353,0,2,0,2,2,1,0,4,4,10,1,1,4,1,14,10,10
1,35,1/7/04,19-008,CLE,TOR,L (-6),1,38:14:00,10,23,0.435,0,3,0,1,2,0.5,0,2,2,5,0,0,2,3,21,9.4,-2
1,36,1/9/04,19-010,CLE,BOS,L (-25),1,42:13:00,7,19,0.368,0,3,0,5,7,0.714,0,3,3,6,3,0,5,1,19,10.4,-30
1,37,1/12/04,19-013,CLE,LAL,L (-10),1,36:26:00,6,20,0.3,0,3,0,4,5,0.8,1,4,5,7,1,1,6,3,16,5.3,3
1,38,1/13/04,19-014,CLE,SEA,W (+8),1,43:54:00,11,26,0.423,0,1,0,5,6,0.833,4,5,9,9,2,0,4,2,27,20.6,11
1,39,1/15/04,19-016,CLE,GSW,L (-17),1,43:25:00,8,21,0.381,2,5,0.4,11,13,0.846,2,4,6,6,3,0,2,0,29,24.5,-14
1,40,1/17/04,19-018,CLE,UTA,W (+6),1,44:25:00,12,28,0.429,2,4,0.5,3,5,0.6,1,6,7,2,2,1,4,2,29,15.2,8
1,41,1/20/04,19-021,CLE,SEA,W (+5),0,0:00:00,0,0,0,0,0,0,0,0,0,0,0,0,0,0,0,0,0,0,0,0
1,42,1/22/04,19-023,CLE,SAC,L (-6),0,0:00:00,0,0,0,0,0,0,0,0,0,0,0,0,0,0,0,0,0,0,0,0
1,43,1/24/04,19-025,CLE,PHI,W (+8),0,0:00:00,0,0,0,0,0,0,0,0,0,0,0,0,0,0,0,0,0,0,0,0
1,44,1/26/04,19-027,CLE,ORL,W (+1),1,29:58:00,7,19,0.368,1,2,0.5,1,2,0.5,0,5,5,3,0,2,3,4,16,5.5,-10
1,45,1/28/04,19-029,CLE,MIA,W (+1),1,44:24:00,10,25,0.4,0,1,0,7,10,0.7,0,5,5,4,2,1,1,1,27,17.9,2
1,46,1/30/04,19-031,CLE,MIL,L (-6),1,37:17:00,7,25,0.28,1,6,0.167,5,8,0.625,2,6,8,3,1,0,5,5,20,3.4,3
1,47,2/1/04,19-033,CLE,WAS,W (+4),1,43:24:00,14,27,0.519,1,2,0.5,9,11,0.818,3,3,6,4,0,2,6,4,38,23.5,0
1,48,2/3/04,19-035,CLE,DET,W (+3),1,38:11:00,5,19,0.263,0,1,0,2,2,1,1,3,4,6,2,0,1,2,12,6.7,-1
1,49,2/4/04,19-036,CLE,LAL,L (-5),1,43:05:00,12,26,0.462,4,4,1,4,5,0.8,0,4,4,4,0,0,0,0,32,22.2,-2
1,50,2/6/04,19-038,CLE,MIN,L (-11),1,44:35:00,6,18,0.333,1,3,0.333,1,4,0.25,1,8,9,5,0,0,3,2,14,5.4,-16
1,51,2/7/04,19-039,CLE,WAS,L (-18),1,34:04:00,6,16,0.375,0,0,0,2,2,1,0,0,0,6,4,1,3,2,14,10.3,-24
1,52,2/9/04,19-041,CLE,BOS,W (+8),1,43:18:00,9,25,0.36,1,6,0.167,5,6,0.833,0,6,6,3,2,1,1,3,24,14.1,19
1,53,2/11/04,19-043,CLE,NJN,L (-20),1,29:32:00,2,13,0.154,0,1,0,5,5,1,1,1,2,5,1,0,5,0,9,1.2,-12
1,54,2/18/04,19-050,CLE,DAL,L (-16),1,33:39:00,6,12,0.5,0,0,0,4,4,1,2,2,4,9,0,1,5,2,16,13.2,-15
1,55,2/20/04,19-052,CLE,SAS,W (+2),1,39:37:00,14,23,0.609,0,0,0,4,4,1,2,9,11,2,2,1,2,0,32,27.7,3
1,56,2/22/04,19-054,CLE,NYK,W (+6),1,43:47:00,7,20,0.35,0,0,0,8,12,0.667,1,4,5,3,1,0,1,2,22,12.4,11
1,57,2/23/04,19-055,CLE,NOH,W (+4),1,36:36:00,7,16,0.438,1,5,0.2,6,6,1,0,4,4,6,2,5,1,3,21,21.3,4
1,58,2/25/04,19-057,CLE,HOU,L (-6),1,38:38:00,5,18,0.278,0,2,0,1,3,0.333,2,5,7,5,2,1,2,1,11,6.3,-5
1,59,2/27/04,19-059,CLE,ORL,W (+5),1,49:13:00,11,19,0.579,1,1,1,7,8,0.875,1,10,11,3,3,1,5,1,30,24.8,7
1,60,3/1/04,19-062,CLE,CHI,L (-11),1,40:48:00,7,17,0.412,0,2,0,4,6,0.667,0,3,3,3,4,1,3,2,18,12,-4
1,61,3/3/04,19-064,CLE,ATL,W (+32),1,27:36:00,9,17,0.529,1,2,0.5,5,6,0.833,1,6,7,3,1,1,1,0,24,20.6,22
1,62,3/5/04,19-066,CLE,NOH,W (+3),1,37:47:00,7,17,0.412,2,2,1,3,4,0.75,2,4,6,4,2,0,4,5,19,10.9,1
1,63,3/6/04,19-067,CLE,MIL,W (+9),1,42:42:00,11,24,0.458,0,3,0,2,3,0.667,2,5,7,10,4,1,2,3,24,22.6,9
1,64,3/8/04,19-069,CLE,ATL,W (+6),1,45:06:00,11,23,0.478,1,4,0.25,11,13,0.846,2,4,6,7,1,0,2,1,34,27.6,11
1,65,3/10/04,19-071,CLE,TOR,W (+14),1,33:46:00,4,13,0.308,0,0,0,6,7,0.857,1,2,3,4,1,0,2,2,14,8.4,16
1,66,3/14/04,19-075,CLE,IND,W (+3),1,44:09:00,12,22,0.545,0,2,0,2,4,0.5,0,3,3,4,3,1,4,3,26,16.8,5
1,67,3/16/04,19-077,CLE,CHI,W (+24),1,32:08:00,5,16,0.313,2,3,0.667,5,8,0.625,3,2,5,8,0,5,4,1,17,14,24
1,68,3/19/04,19-080,CLE,UTA,L (-9),1,34:16:00,4,14,0.286,0,2,0,6,10,0.6,0,0,0,7,2,1,2,3,14,8.6,-2
1,69,3/21/04,19-082,CLE,DET,L (-20),1,36:45:00,5,17,0.294,1,4,0.25,4,5,0.8,2,5,7,3,0,2,4,4,15,5.5,-21
1,70,3/23/04,19-084,CLE,PHO,L (-17),1,40:58:00,8,21,0.381,2,5,0.4,7,9,0.778,1,1,2,6,3,1,5,0,25,16.6,-12
1,71,3/26/04,19-087,CLE,PHI,L (-15),1,32:46:00,5,13,0.385,1,2,0.5,5,9,0.556,2,1,3,7,0,1,5,1,16,9.2,-24
1,72,3/27/04,19-088,CLE,NJN,W (+3),1,43:48:00,15,29,0.517,1,2,0.5,10,10,1,2,4,6,13,3,0,2,1,41,39,10
1,73,3/29/04,19-090,CLE,SAS,L (-8),1,31:40:00,9,20,0.45,0,1,0,0,0,0,0,2,2,4,0,1,2,0,18,9.7,-14
1,74,3/30/04,19-091,CLE,DAL,L (-17),1,42:05:00,13,22,0.591,0,2,0,2,4,0.5,1,4,5,6,4,0,3,2,28,23.3,-10
1,75,4/2/04,19-094,CLE,MIL,L (-18),1,36:38:00,9,19,0.474,0,0,0,2,2,1,0,7,7,7,5,0,5,3,20,16.1,-13
1,76,4/3/04,19-095,CLE,GSW,L (-3),1,46:15:00,12,28,0.429,3,5,0.6,7,11,0.636,3,5,8,10,1,1,3,1,34,26.5,-3
1,77,4/6/04,19-098,CLE,TOR,L (-1),1,46:00:00,5,17,0.294,0,0,0,11,14,0.786,1,5,6,4,3,0,3,2,21,14.1,2
1,78,4/7/04,19-099,CLE,MEM,L (-18),1,36:35:00,4,11,0.364,0,0,0,6,7,0.857,0,3,3,5,3,0,2,4,14,11.3,-11
1,79,4/9/04,19-101,CLE,MIA,L (-15),1,42:13:00,6,14,0.429,1,1,1,11,15,0.733,1,6,7,8,1,0,8,2,24,15.3,-16
1,80,4/10/04,19-102,CLE,MIA,W (+11),1,31:38:00,4,11,0.364,0,2,0,2,5,0.4,1,2,3,11,0,0,2,3,10,8.5,14
1,81,4/12/04,19-104,CLE,MIL,W (+4),1,45:18:00,9,20,0.45,1,4,0.25,8,11,0.727,1,6,7,9,2,0,1,1,27,24.8,11
1,82,4/14/04,19-106,CLE,NYK,W (+10),1,35:05:00,8,17,0.471,0,3,0,1,1,1,0,1,1,5,3,0,5,1,17,9.7,-6
2,1,11/3/04,19-309,CLE,IND,L (-5),1,50:56:00,8,19,0.421,2,5,0.4,10,12,0.833,1,4,5,8,1,3,6,2,28,20.9,-10
2,2,11/4/04,19-310,CLE,MIA,L (-6),1,42:20:00,9,22,0.409,2,3,0.667,1,1,1,3,3,6,8,1,0,1,0,21,17.8,-8
2,3,11/6/04,19-312,CLE,MIL,L (-14),1,41:53:00,8,20,0.4,0,3,0,15,22,0.682,2,6,8,6,3,0,4,0,31,23.8,-12
2,4,11/9/04,19-315,CLE,ATL,W (+14),1,48:00:00,8,17,0.471,1,4,0.25,8,12,0.667,1,9,10,4,4,2,3,2,25,22.5,14
2,5,11/10/04,19-316,CLE,PHO,W (+5),1,48:21:00,13,24,0.542,1,2,0.5,11,12,0.917,3,7,10,6,3,3,3,1,38,36.1,14
2,6,11/13/04,19-319,CLE,WAS,W (+31),1,37:24:00,10,20,0.5,0,3,0,4,5,0.8,1,8,9,4,3,2,4,0,24,19.9,25
2,7,11/15/04,19-321,CLE,GSW,W (+11),1,41:58:00,12,22,0.545,3,5,0.6,6,8,0.75,2,10,12,4,2,1,1,1,33,30.1,15
2,8,11/18/04,19-324,CLE,CHA,W (+17),1,29:06:00,8,14,0.571,2,3,0.667,1,2,0.5,1,5,6,9,0,0,1,3,19,18.3,21
2,9,11/20/04,19-326,CLE,CHA,W (+16),1,37:49:00,11,20,0.55,0,2,0,3,4,0.75,5,3,8,2,3,1,7,0,25,17.5,24
2,10,11/21/04,19-327,CLE,NYK,L (-10),1,40:41:00,5,15,0.333,1,3,0.333,2,3,0.667,2,7,9,10,1,1,5,3,13,10.1,1
2,11,11/24/04,19-330,CLE,DET,W (+16),1,37:30:00,15,22,0.682,2,3,0.667,11,12,0.917,3,3,6,5,3,1,3,3,43,39.2,12
2,12,11/26/04,19-332,CLE,BOS,W (+2),1,42:48:00,9,13,0.692,0,2,0,2,3,0.667,0,6,6,8,3,1,2,2,20,22.4,6
2,13,11/27/04,19-333,CLE,CHI,W (+22),1,31:55:00,11,17,0.647,1,2,0.5,3,4,0.75,1,6,7,7,1,0,2,0,26,24.5,25
2,14,11/29/04,19-335,CLE,LAC,L (-12),1,42:19:00,9,19,0.474,0,2,0,4,5,0.8,1,6,7,5,6,1,3,2,22,20.8,-16
2,15,12/1/04,19-337,CLE,PHO,L (-19),1,40:47:00,6,19,0.316,0,2,0,3,4,0.75,1,2,3,6,2,1,6,2,15,5.1,-17
2,16,12/2/04,19-338,CLE,DEN,W (+19),1,41:10:00,8,17,0.471,0,0,0,1,2,0.5,1,7,8,9,2,1,5,3,17,13.5,23
2,17,12/4/04,19-340,CLE,TOR,W (+8),1,42:50:00,10,17,0.588,1,3,0.333,6,7,0.857,0,6,6,10,2,1,3,2,27,26.4,15
2,18,12/7/04,19-343,CLE,NJN,W (+6),1,46:05:00,11,22,0.5,0,1,0,5,6,0.833,0,2,2,8,3,0,3,4,27,20.2,6
2,19,12/8/04,19-344,CLE,CHI,L (-28),1,37:18:00,5,15,0.333,0,2,0,9,12,0.75,0,2,2,6,1,1,4,2,19,11,-22
2,20,12/11/04,19-347,CLE,SAS,L (-19),1,41:13:00,10,19,0.526,1,3,0.333,2,2,1,3,3,6,10,4,0,3,2,23,23.9,-18
2,21,12/13/04,19-349,CLE,MEM,W (+6),1,45:49:00,14,22,0.636,1,3,0.333,2,4,0.5,0,5,5,8,7,0,3,2,31,30.7,10
2,22,12/15/04,19-351,CLE,POR,W (+24),1,37:09:00,10,18,0.556,2,3,0.667,3,3,1,2,9,11,7,3,2,3,1,25,26.4,18
2,23,12/16/04,19-352,CLE,DET,L (-12),1,45:04:00,4,21,0.19,0,2,0,3,5,0.6,1,8,9,7,4,1,3,2,11,6,-8
2,24,12/18/04,19-354,CLE,BOS,L (-7),1,40:32:00,12,25,0.48,3,5,0.6,4,8,0.5,1,4,5,4,3,1,4,6,31,18.7,-1
2,25,12/21/04,19-357,CLE,MIN,W (+10),1,43:11:00,10,18,0.556,0,1,0,6,8,0.75,0,6,6,12,1,0,2,2,26,25,13
2,26,12/22/04,19-358,CLE,NJN,L (-2),1,42:38:00,7,18,0.389,1,1,1,8,10,0.8,1,8,9,9,1,0,4,2,23,18,-3
2,27,12/26/04,19-362,CLE,NOH,W (+9),1,44:40:00,7,16,0.438,0,1,0,8,9,0.889,1,8,9,14,4,1,5,2,22,25,8
2,28,12/28/04,19-364,CLE,ATL,W (+9),1,46:20:00,13,25,0.52,3,5,0.6,11,14,0.786,1,8,9,7,1,0,1,2,40,33.7,8
2,29,12/29/04,19-365,CLE,HOU,L (-11),1,17:23,0,5,0,0,1,0,3,5,0.6,0,3,3,5,0,0,0,0,3,3.1,-10
2,30,1/3/05,20-004,CLE,CHA,W (+11),1,40:18:00,11,19,0.579,0,3,0,4,6,0.667,2,6,8,6,2,0,1,3,26,23.5,14
2,31,1/5/05,20-006,CLE,ATL,W (+16),1,39:39:00,7,14,0.5,2,5,0.4,4,6,0.667,1,5,6,9,1,1,2,4,20,18.8,10
2,32,1/8/05,20-009,CLE,NYK,W (+25),1,32:42:00,10,14,0.714,0,0,0,2,2,1,1,2,3,4,0,2,8,2,22,12.9,5
2,33,1/11/05,20-012,CLE,CHA,W (+2),1,49:02:00,11,24,0.458,2,5,0.4,5,7,0.714,1,7,8,9,2,1,8,1,29,19.2,7
2,34,1/13/05,20-014,CLE,LAL,L (-4),1,44:20:00,12,26,0.462,1,4,0.25,3,4,0.75,3,10,13,9,1,1,4,1,28,22.9,-1
2,35,1/15/05,20-016,CLE,UTA,W (+13),1,41:18:00,9,20,0.45,0,1,0,9,14,0.643,1,7,8,5,5,0,3,2,27,22.1,11
2,36,1/16/05,20-017,CLE,SEA,L (-8),1,44:09:00,14,30,0.467,3,7,0.429,4,6,0.667,2,3,5,11,4,1,1,4,35,30.9,-7
2,37,1/19/05,20-020,CLE,POR,W (+6),1,43:47:00,11,16,0.688,1,1,1,4,6,0.667,1,10,11,10,4,0,2,4,27,30.5,0
2,38,1/20/05,20-021,CLE,SAC,L (-27),1,36:37:00,9,19,0.474,0,1,0,0,1,0,1,7,8,6,1,0,3,0,18,12.9,-24
2,39,1/22/05,20-023,CLE,GSW,W (+18),1,43:15:00,13,24,0.542,0,1,0,2,2,1,1,11,12,10,1,1,3,1,28,25.7,19
2,40,1/24/05,20-025,CLE,WAS,L (-9),1,48:00:00,12,26,0.462,1,1,1,6,10,0.6,4,6,10,8,2,1,5,3,31,22.7,-9
2,41,1/26/05,20-027,CLE,MEM,W (+3),1,41:47:00,10,16,0.625,4,6,0.667,3,4,0.75,1,8,9,15,3,2,5,1,27,32,7
2,42,1/28/05,20-029,CLE,NYK,L (-3),2,0:00:00,2,2,2,2,2,2,2,2,2,2,2,2,2,2,2,2,2,2,2,2
2,43,1/30/05,20-031,CLE,MIL,W (+17),0,0:00:00,0,0,0,0,0,0,0,0,0,0,0,0,0,0,0,0,0,0,0,0
2,44,2/1/05,20-033,CLE,ORL,L (-3),1,43:20:00,10,20,0.5,0,3,0,8,13,0.615,2,3,5,7,0,1,3,2,28,20.1,-3
2,45,2/3/05,20-035,CLE,MIA,L (-12),1,45:57:00,11,23,0.478,1,3,0.333,8,12,0.667,2,0,2,10,3,0,2,2,31,26.3,-8
2,46,2/5/05,20-037,CLE,ORL,W (+9),1,45:36:00,9,21,0.429,0,3,0,12,13,0.923,0,6,6,9,2,0,1,2,30,26.8,10
2,47,2/8/05,20-040,CLE,TOR,W (+13),1,36:10:00,6,14,0.429,0,3,0,3,4,0.75,1,7,8,11,3,0,2,1,15,18.3,15
2,48,2/11/05,20-043,CLE,DEN,L (-5),1,43:05:00,12,29,0.414,1,6,0.167,10,12,0.833,2,4,6,6,1,0,4,2,35,21.7,-13
2,49,2/13/05,20-045,CLE,LAL,W (+14),1,45:42:00,8,20,0.4,0,0,0,9,10,0.9,2,6,8,9,3,1,3,3,25,22.8,9
2,50,2/16/05,20-048,CLE,ATL,W (+22),1,37:00:00,11,20,0.55,2,2,1,4,5,0.8,0,5,5,6,3,0,3,0,28,23.7,27
2,51,2/17/05,20-049,CLE,MIN,L (-6),1,41:02:00,10,19,0.526,1,2,0.5,5,6,0.833,2,5,7,8,1,0,2,0,26,23.8,-1
2,52,2/23/05,20-055,CLE,CHI,W (+9),1,44:19:00,8,17,0.471,1,1,1,10,15,0.667,1,5,6,11,5,0,3,2,27,27.4,7
2,53,2/25/05,20-057,CLE,IND,L (-24),1,40:29:00,9,25,0.36,0,1,0,3,4,0.75,3,4,7,5,2,1,2,0,21,14.2,-11
2,54,2/27/05,20-059,CLE,NJN,L (-6),1,45:05:00,9,20,0.45,1,2,0.5,9,10,0.9,1,3,4,7,2,0,5,4,28,19.1,-10
2,55,2/28/05,20-060,CLE,SAS,L (-2),1,44:41:00,6,22,0.273,1,4,0.25,7,10,0.7,1,7,8,7,0,0,2,3,20,10.3,2
2,56,3/2/05,20-062,CLE,SEA,L (-17),1,40:51:00,11,20,0.55,5,7,0.714,5,8,0.625,0,5,5,5,0,0,4,2,32,21.4,-7
2,57,3/4/05,20-064,CLE,PHI,L (-9),1,39:57:00,12,21,0.571,0,1,0,10,12,0.833,1,6,7,7,4,0,6,1,34,28.3,-10
2,58,3/6/05,20-066,CLE,MIA,L (-20),1,40:14:00,9,19,0.474,0,1,0,5,7,0.714,0,4,4,5,2,0,1,1,23,17.8,-17
2,59,3/8/05,20-068,CLE,ORL,W (+19),1,40:37:00,9,22,0.409,2,6,0.333,3,4,0.75,0,7,7,8,1,1,1,3,23,18,18
2,60,3/13/05,20-073,CLE,IND,W (+12),1,42:51:00,12,23,0.522,1,5,0.2,10,11,0.909,2,3,5,5,1,0,4,1,35,25.7,12
2,61,3/15/05,20-075,CLE,UTA,W (+19),1,34:11:00,11,15,0.733,2,5,0.4,12,16,0.75,2,7,9,2,0,1,1,1,36,32.5,22
2,62,3/16/05,20-076,CLE,MIL,L (-8),1,45:07:00,13,26,0.5,4,9,0.444,4,7,0.571,1,6,7,6,1,0,5,0,34,22.5,-14
2,63,3/18/05,20-078,CLE,PHI,L (-12),1,46:00:00,3,20,0.15,0,4,0,10,12,0.833,0,8,8,8,4,0,4,0,16,10.4,-8
2,64,3/20/05,20-080,CLE,TOR,L (-7),1,48:00:00,18,36,0.5,6,12,0.5,14,15,0.933,2,8,10,5,2,0,4,0,56,42.9,-7
2,65,3/22/05,20-082,CLE,DET,W (+15),1,42:56:00,11,24,0.458,2,7,0.286,5,8,0.625,1,5,6,6,1,0,0,1,29,22.4,21
2,66,3/24/05,20-084,CLE,HOU,L (-19),1,41:47:00,7,22,0.318,1,4,0.25,4,7,0.571,0,4,4,8,1,0,2,1,19,10.6,-17
2,67,3/26/05,20-086,CLE,DAL,L (-31),1,35:39:00,7,17,0.412,0,2,0,5,6,0.833,1,3,4,6,0,0,3,1,19,11.9,-24
2,68,3/28/05,20-088,CLE,NOH,W (+1),1,53:00:00,16,29,0.552,3,10,0.3,9,11,0.818,2,4,6,3,4,0,10,3,44,26.8,1
2,69,3/29/05,20-089,CLE,LAC,W (+10),1,40:47:00,7,20,0.35,2,8,0.25,6,7,0.857,0,7,7,5,2,1,1,0,22,17.7,11
2,70,3/31/05,20-091,CLE,CHI,L (-12),1,53:00:00,10,28,0.357,1,4,0.25,5,11,0.455,4,2,6,7,4,2,3,5,26,16.7,-12
2,71,4/1/05,20-092,CLE,SAC,L (-19),1,44:09:00,13,21,0.619,2,4,0.5,7,10,0.7,0,8,8,9,2,0,7,2,35,27.2,-15
2,72,4/3/05,20-094,CLE,DAL,W (+20),1,48:00:00,10,23,0.435,4,8,0.5,13,13,1,2,8,10,7,2,1,6,3,37,29.1,20
2,73,4/5/05,20-096,CLE,NJN,L (-31),1,39:50:00,9,19,0.474,3,6,0.5,3,6,0.5,2,7,9,4,2,2,6,2,24,16,-21
2,74,4/6/05,20-097,CLE,IND,L (-21),1,33:17:00,9,18,0.5,0,3,0,2,4,0.5,2,2,4,3,1,0,2,2,20,12.5,-15
2,75,4/8/05,20-099,CLE,PHI,L (-5),1,48:00:00,12,30,0.4,2,6,0.333,11,11,1,4,9,13,7,5,0,5,1,37,30.8,-5
2,76,4/9/05,20-100,CLE,MIL,W (+17),1,46:35:00,15,26,0.577,7,13,0.538,3,3,1,1,9,10,10,2,1,3,2,40,37.1,13
2,77,4/11/05,20-102,CLE,ORL,W (+8),1,48:00:00,12,23,0.522,1,6,0.167,8,10,0.8,1,6,7,6,5,1,2,4,33,29.7,8
2,78,4/14/05,20-105,CLE,NYK,L (-6),1,41:31:00,7,25,0.28,4,13,0.308,9,14,0.643,1,17,18,7,2,2,4,3,27,19.2,1
2,79,4/15/05,20-106,CLE,WAS,L (-8),1,48:00:00,16,33,0.485,1,6,0.167,5,8,0.625,2,4,6,6,1,0,1,3,38,25.7,-8
2,80,4/17/05,20-108,CLE,DET,L (-3),1,45:12:00,12,35,0.343,2,7,0.286,11,14,0.786,3,8,11,6,0,1,1,0,37,24.5,-6
2,81,4/19/05,20-110,CLE,BOS,W (+14),1,46:06:00,13,27,0.481,2,3,0.667,4,5,0.8,1,7,8,6,5,0,3,3,32,25.7,13
2,82,4/20/05,20-111,CLE,TOR,W (+9),1,48:00:00,10,23,0.435,2,8,0.25,5,10,0.5,2,12,14,14,0,1,2,1,27,26,9
3,1,11/2/05,20-307,CLE,NOK,W (+22),1,33:23:00,9,16,0.563,6,7,0.857,7,8,0.875,1,2,3,4,2,0,3,3,31,24.9,22
3,2,11/4/05,20-309,CLE,SAS,L (-26),1,36:34:00,7,16,0.438,0,3,0,6,7,0.857,0,6,6,4,0,1,3,3,20,12.3,-19
3,3,11/5/05,20-310,CLE,MEM,L (-7),1,40:51:00,14,29,0.483,4,9,0.444,4,5,0.8,0,2,2,6,2,0,2,2,36,24.9,-3
3,4,11/7/05,20-312,CLE,TOR,W (+12),1,36:28:00,9,17,0.529,0,2,0,9,12,0.75,0,3,3,6,1,2,1,3,27,22.8,0
3,5,11/9/05,20-314,CLE,SEA,W (+27),1,35:38:00,10,18,0.556,0,2,0,11,11,1,1,4,5,1,0,1,4,1,31,21.3,25
3,6,11/11/05,20-316,CLE,MEM,W (+19),1,25:40:00,5,11,0.455,0,1,0,6,6,1,1,5,6,2,3,1,3,5,16,12.6,24
3,7,11/13/05,20-318,CLE,ORL,W (+8),1,48:54:00,9,20,0.45,1,4,0.25,7,11,0.636,0,5,5,3,0,1,2,2,26,15.5,7
3,8,11/15/05,20-320,CLE,WAS,W (+15),1,42:26:00,15,23,0.652,2,3,0.667,5,5,1,1,9,10,4,0,2,3,1,37,31.1,17
3,9,11/18/05,20-323,CLE,ORL,W (+18),1,33:56:00,6,17,0.353,0,3,0,4,6,0.667,1,5,6,4,2,0,4,2,16,7.9,25
3,10,11/19/05,20-324,CLE,PHI,W (+3),1,46:51:00,14,24,0.583,0,2,0,8,10,0.8,2,9,11,10,1,1,5,1,36,31.4,8
3,11,11/22/05,20-327,CLE,BOS,W (+22),1,40:59:00,13,20,0.65,1,3,0.333,9,11,0.818,0,5,5,4,2,2,1,4,36,31.5,14
3,12,11/24/05,20-329,CLE,IND,L (-22),1,43:02:00,6,20,0.3,0,4,0,7,11,0.636,1,9,10,4,5,1,6,4,19,10.1,-18
3,13,11/26/05,20-331,CLE,MIN,L (-4),1,44:04:00,13,29,0.448,6,11,0.545,6,6,1,2,3,5,2,4,0,2,2,38,27.8,-3
3,14,11/30/05,20-335,CLE,LAC,W (+7),1,49:56:00,7,20,0.35,0,3,0,14,17,0.824,0,7,7,9,1,1,6,1,28,19.3,6
3,15,12/2/05,20-337,CLE,SEA,L (-7),1,45:07:00,14,27,0.519,0,5,0,6,8,0.75,0,3,3,8,1,3,1,1,34,28.1,-2
3,16,12/3/05,20-338,CLE,LAC,L (-12),1,44:41:00,8,25,0.32,3,5,0.6,11,14,0.786,0,5,5,6,1,1,1,3,30,19.7,-11
3,17,12/6/05,20-341,CLE,SAC,W (+5),1,44:19:00,10,23,0.435,1,5,0.2,9,12,0.75,2,4,6,6,2,3,5,2,30,21.8,3
3,18,12/9/05,20-344,CLE,NJN,L (-9),1,44:49:00,11,26,0.423,0,4,0,10,15,0.667,2,4,6,3,0,1,7,3,32,13.4,-4
3,19,12/10/05,20-345,CLE,MIL,L (-5),1,42:48:00,19,29,0.655,5,9,0.556,9,10,0.9,0,7,7,7,2,0,3,5,52,42.9,-3
3,20,12/13/05,20-348,CLE,ATL,L (-6),1,45:08:00,13,23,0.565,3,6,0.5,10,16,0.625,0,10,10,6,2,0,6,5,39,26.9,-4
3,21,12/15/05,20-350,CLE,DEN,W (+9),1,45:06:00,11,18,0.611,1,4,0.25,3,6,0.5,0,4,4,9,1,0,3,3,26,20.9,16
3,22,12/17/05,20-352,CLE,MIA,W (+8),1,46:23:00,12,19,0.632,2,4,0.5,15,16,0.938,0,5,5,10,1,0,4,3,41,36.4,9
3,23,12/20/05,20-355,CLE,UTA,W (+25),1,28:55:00,8,12,0.667,1,1,1,8,9,0.889,2,4,6,4,3,2,5,1,25,23.8,20
3,24,12/22/05,20-357,CLE,CHI,W (+8),1,43:51:00,12,25,0.48,4,6,0.667,9,13,0.692,0,5,5,6,4,0,2,2,37,29.6,15
3,25,12/23/05,20-358,CLE,IND,W (+5),1,43:51:00,4,16,0.25,0,1,0,6,11,0.545,1,7,8,9,1,0,3,1,14,9.1,1
3,26,12/26/05,20-361,CLE,CHI,W (+11),1,44:58:00,12,25,0.48,0,5,0,8,12,0.667,1,7,8,6,2,2,2,0,32,26.1,14
3,27,12/27/05,20-362,CLE,NJN,L (-5),1,40:18:00,12,21,0.571,1,5,0.2,6,9,0.667,1,9,10,8,2,0,4,3,31,25.7,-2
3,28,12/31/05,21-001,CLE,DET,W (+13),1,44:33:00,11,22,0.5,2,5,0.4,6,7,0.857,1,6,7,7,4,1,5,2,30,24.9,5
3,29,1/4/06,21-005,CLE,MIL,W (+7),1,45:42:00,12,29,0.414,2,8,0.25,6,7,0.857,2,9,11,11,5,1,4,1,32,29.2,8
3,30,1/5/06,21-006,CLE,HOU,L (-9),1,44:15:00,13,19,0.684,3,7,0.429,3,6,0.5,1,8,9,5,1,0,3,4,32,25.7,-10
3,31,1/7/06,21-008,CLE,MIL,W (+8),1,45:12:00,14,22,0.636,3,7,0.429,4,9,0.444,2,5,7,6,0,1,0,1,35,30.6,4
3,32,1/10/06,21-011,CLE,NYK,L (-8),1,46:00:00,14,31,0.452,0,7,0,8,11,0.727,0,7,7,7,0,1,1,0,36,25.4,-2
3,33,1/12/06,21-013,CLE,LAL,L (-1),1,40:06:00,11,22,0.5,2,3,0.667,4,9,0.444,0,2,2,9,0,0,5,2,28,16.1,5
3,34,1/14/06,21-015,CLE,PHO,L (-9),1,43:45:00,18,28,0.643,5,8,0.625,5,5,1,0,7,7,8,1,0,1,1,46,40.9,-5
3,35,1/15/06,21-016,CLE,POR,L (-2),1,41:19:00,10,26,0.385,1,5,0.2,8,11,0.727,2,11,13,7,1,3,2,3,29,23.1,12
3,36,1/18/06,21-019,CLE,DEN,L (-1),1,41:35:00,7,20,0.35,2,6,0.333,8,15,0.533,2,9,11,9,0,0,2,5,24,16.4,-3
3,37,1/20/06,21-021,CLE,GSW,L (-20),1,35:12:00,5,22,0.227,0,3,0,4,6,0.667,1,8,9,6,0,0,6,3,14,-0.1,-9
3,38,1/21/06,21-022,CLE,UTA,W (+18),1,42:47:00,19,35,0.543,4,8,0.5,9,11,0.818,0,5,5,8,2,0,3,4,51,37.8,20
3,39,1/24/06,21-025,CLE,IND,W (+30),1,35:22:00,7,21,0.333,2,5,0.4,7,10,0.7,0,7,7,8,2,2,1,0,23,20,33
3,40,1/25/06,21-026,CLE,ATL,W (+9),1,45:54:00,11,22,0.5,1,5,0.2,15,20,0.75,1,8,9,6,3,1,5,2,38,30.2,10
3,41,1/27/06,21-028,CLE,IND,W (+4),1,45:06:00,12,23,0.522,1,2,0.5,5,8,0.625,1,6,7,9,3,1,6,1,30,23.6,4
3,42,1/29/06,21-030,CLE,PHO,W (+7),1,42:45:00,17,33,0.515,3,7,0.429,7,12,0.583,1,10,11,7,1,1,6,1,44,29.6,5
3,43,1/30/06,21-031,CLE,CHA,W (+12),1,31:34:00,11,19,0.579,2,6,0.333,6,11,0.545,1,5,6,6,5,1,4,2,30,26.4,30
3,44,2/1/06,21-033,CLE,NJN,W (+6),1,44:26:00,8,21,0.381,0,2,0,10,12,0.833,0,11,11,10,1,1,4,2,26,20.9,5
3,45,2/2/06,21-034,CLE,MIA,L (-28),1,39:18:00,12,29,0.414,2,5,0.4,3,3,1,1,4,5,7,1,0,1,0,29,20.3,-15
3,46,2/4/06,21-036,CLE,PHI,L (-5),1,47:11:00,10,17,0.588,2,7,0.286,9,10,0.9,2,2,4,6,2,1,4,0,31,27.6,-7
3,47,2/6/06,21-038,CLE,MIL,W (+3),1,45:21:00,9,20,0.45,2,7,0.286,2,4,0.5,0,9,9,12,0,2,4,4,22,17.7,-3
3,48,2/8/06,21-040,CLE,MIN,W (+6),1,45:38:00,11,34,0.324,1,5,0.2,12,17,0.706,1,10,11,8,1,0,0,3,35,22.7,10
3,49,2/10/06,21-042,CLE,WAS,L (-12),1,45:23:00,6,23,0.261,0,3,0,6,8,0.75,1,8,9,8,1,0,2,2,18,10.4,-13
3,50,2/11/06,21-043,CLE,GSW,L (-8),1,43:48:00,10,17,0.588,5,6,0.833,8,8,1,1,4,5,6,1,2,2,5,33,29.6,-15
3,51,2/13/06,21-045,CLE,SAS,W (+14),1,40:43:00,19,33,0.576,1,3,0.333,5,8,0.625,2,1,3,5,4,0,2,0,44,34.5,12
3,52,2/15/06,21-047,CLE,BOS,W (+4),1,53:55:00,16,32,0.5,0,5,0,11,15,0.733,1,11,12,11,2,4,2,5,43,37.9,5
3,53,2/21/06,21-053,CLE,ORL,W (+13),1,42:51:00,10,24,0.417,1,5,0.2,5,7,0.714,0,2,2,9,1,2,2,0,26,19.7,21
3,54,2/22/06,21-054,CLE,PHI,L (-9),1,43:07:00,13,24,0.542,1,4,0.25,6,10,0.6,3,3,6,5,2,1,6,3,33,21.8,-7
3,55,2/24/06,21-056,CLE,WAS,L (-8),1,47:46:00,7,21,0.333,3,8,0.375,8,19,0.421,0,7,7,9,1,0,4,2,25,13.3,-8
3,56,2/26/06,21-058,CLE,DET,L (-12),1,37:46:00,9,20,0.45,2,3,0.667,2,3,0.667,1,8,9,7,0,0,3,3,22,15,-17
3,57,2/27/06,21-059,CLE,DET,L (-12),1,46:34:00,9,22,0.409,0,3,0,8,10,0.8,1,3,4,6,0,1,5,0,26,14.9,-10
3,58,3/1/06,21-061,CLE,SAC,L (-7),1,44:40:00,7,21,0.333,1,4,0.25,4,7,0.571,1,6,7,12,1,2,5,1,19,13.8,-5
3,59,3/2/06,21-062,CLE,CHI,W (+1),1,46:37:00,11,27,0.407,0,3,0,11,13,0.846,2,9,11,8,0,1,5,4,33,21.5,4
3,60,3/5/06,21-065,CLE,CHI,W (+19),1,46:27:00,15,28,0.536,1,3,0.333,6,6,1,0,9,9,7,2,0,3,3,37,28.8,23
3,61,3/7/06,21-067,CLE,TOR,W (+7),1,43:44:00,5,17,0.294,2,6,0.333,5,6,0.833,1,11,12,8,1,0,2,2,17,14.5,14
3,62,3/8/06,21-068,CLE,TOR,W (+1),1,44:17:00,13,24,0.542,1,3,0.333,8,12,0.667,1,5,6,6,1,0,0,2,35,28.4,-4
3,63,3/10/06,21-070,CLE,ORL,L (-29),1,38:58:00,9,22,0.409,2,6,0.333,5,6,0.833,2,5,7,2,2,1,5,0,25,14.8,-18
3,64,3/12/06,21-072,CLE,MIA,L (-6),1,45:17:00,11,27,0.407,1,6,0.167,24,28,0.857,2,5,7,4,0,1,5,2,47,31.5,-7
3,65,3/14/06,21-074,CLE,DAL,L (-4),1,44:58:00,14,27,0.519,0,2,0,8,8,1,1,11,12,5,0,2,4,1,36,27.2,-8
3,66,3/17/06,21-077,CLE,POR,W (+15),1,44:10:00,9,23,0.391,1,6,0.167,8,10,0.8,2,7,9,5,6,0,1,2,27,24.9,14
3,67,3/19/06,21-079,CLE,LAL,W (+1),1,46:52:00,10,24,0.417,3,4,0.75,6,10,0.6,1,7,8,7,1,0,7,3,29,15.1,0
3,68,3/22/06,21-082,CLE,CHA,W (+2),1,50:11:00,10,21,0.476,1,5,0.2,16,23,0.696,0,11,11,12,0,1,5,4,37,29.3,5
3,69,3/24/06,21-084,CLE,BOS,W (+12),1,44:51:00,13,26,0.5,4,8,0.5,6,8,0.75,3,4,7,8,2,3,0,2,36,34.4,8
3,70,3/26/06,21-086,CLE,HOU,W (+2),1,48:56:00,14,34,0.412,0,4,0,8,11,0.727,3,3,6,5,2,0,2,2,36,22.3,4
3,71,3/29/06,21-089,CLE,DAL,W (+13),1,43:26:00,16,23,0.696,4,7,0.571,10,13,0.769,0,5,5,4,3,0,2,3,46,39.2,16
3,72,4/1/06,21-092,CLE,MIA,W (+7),1,45:29:00,16,25,0.64,2,6,0.333,13,14,0.929,4,8,12,9,2,0,4,3,47,43.8,13
3,73,4/2/06,21-093,CLE,CHA,W (+4),1,41:17:00,13,24,0.542,2,5,0.4,7,9,0.778,1,11,12,8,1,2,3,5,35,29.6,2
3,74,4/4/06,21-095,CLE,PHI,W (+33),1,34:40:00,13,22,0.591,4,10,0.4,7,9,0.778,1,3,4,7,4,0,3,4,37,31.9,15
3,75,4/5/06,21-096,CLE,NYK,L (-2),1,44:48:00,12,24,0.5,4,7,0.571,8,14,0.571,0,2,2,7,3,0,5,3,36,23.9,-2
3,76,4/8/06,21-099,CLE,NJN,W (+6),1,44:09:00,12,26,0.462,0,3,0,13,16,0.813,1,4,5,7,1,0,6,5,37,22.2,5
3,77,4/10/06,21-101,CLE,NOK,W (+2),1,42:07:00,12,24,0.5,0,3,0,8,12,0.667,1,3,4,6,0,0,2,1,32,21.8,3
3,78,4/12/06,21-103,CLE,DET,L (-23),1,31:21:00,8,18,0.444,0,3,0,6,8,0.75,0,3,3,1,0,0,2,0,22,11.4,-11
3,79,4/13/06,21-104,CLE,NYK,W (+4),0,0:00:00,0,0,0,0,0,0,0,0,0,0,0,0,0,0,0,0,0,0,0,0
3,80,4/16/06,21-107,CLE,WAS,L (-12),1,29:32:00,8,16,0.5,0,0,0,1,2,0.5,0,5,5,4,1,1,3,2,17,10.8,-17
3,81,4/17/06,21-108,CLE,BOS,W (+5),0,0:00:00,0,0,0,0,0,0,0,0,0,0,0,0,0,0,0,0,0,0,0,0
3,82,4/19/06,21-110,CLE,ATL,W (+1),0,0:00:00,0,0,0,0,0,0,0,0,0,0,0,0,0,0,0,0,0,0,0,0
4,1,11/1/06,21-306,CLE,WAS,W (+3),1,40:38:00,11,24,0.458,2,4,0.5,2,6,0.333,3,7,10,5,0,2,5,2,26,15.3,3
4,2,11/3/06,21-308,CLE,SAS,W (+7),1,41:53:00,14,26,0.538,1,2,0.5,6,11,0.545,1,9,10,4,1,1,2,3,35,25.1,6
4,3,11/4/06,21-309,CLE,CHA,L (-4),1,38:06:00,3,13,0.231,1,3,0.333,9,10,0.9,4,5,9,7,0,1,2,0,16,15.6,-3
4,4,11/7/06,21-312,CLE,ATL,L (-9),1,47:17:00,13,26,0.5,3,8,0.375,5,11,0.455,0,7,7,6,2,1,2,1,34,25.2,-3
4,5,11/9/06,21-314,CLE,CHI,W (+19),1,37:50:00,6,13,0.462,0,1,0,7,8,0.875,0,4,4,12,3,2,3,0,19,22.9,26
4,6,11/11/06,21-316,CLE,BOS,W (+1),1,43:32:00,9,17,0.529,1,4,0.25,19,23,0.826,1,7,8,5,3,0,2,4,38,33.8,6
4,7,11/13/06,21-318,CLE,NYK,W (+6),1,41:20:00,10,19,0.526,3,4,0.75,6,9,0.667,0,4,4,6,2,1,3,2,29,22.8,10
4,8,11/15/06,21-320,CLE,POR,W (+13),1,38:54:00,10,15,0.667,3,6,0.5,9,11,0.818,0,7,7,7,2,1,4,2,32,29.6,16
4,9,11/17/06,21-322,CLE,MIN,W (+16),1,40:30:00,12,24,0.5,2,5,0.4,11,14,0.786,2,7,9,6,1,2,4,1,37,29.5,12
4,10,11/18/06,21-323,CLE,WAS,L (-12),1,33:20:00,8,20,0.4,0,1,0,4,5,0.8,2,3,5,4,2,0,3,2,20,12.1,-22
4,11,11/21/06,21-326,CLE,MEM,W (+3),1,41:59:00,7,21,0.333,1,5,0.2,0,1,0,0,1,1,9,3,1,3,1,15,9.6,3
4,12,11/22/06,21-327,CLE,TOR,L (-8),1,39:55:00,11,24,0.458,2,7,0.286,6,9,0.667,0,10,10,8,4,0,2,1,30,26.6,-7
4,13,11/24/06,21-329,CLE,IND,L (-10),1,42:26:00,6,14,0.429,2,2,1,16,20,0.8,1,6,7,5,1,0,3,6,30,22.6,1
4,14,11/25/06,21-330,CLE,PHI,W (+13),1,40:50:00,10,20,0.5,1,4,0.25,4,7,0.571,0,4,4,11,0,1,7,4,25,14.8,2
4,15,11/29/06,21-334,CLE,NYK,L (-3),1,41:11:00,10,22,0.455,0,5,0,7,11,0.636,1,6,7,6,0,1,5,1,27,16,-4
4,16,12/1/06,21-336,CLE,ATL,W (+11),1,42:55:00,12,23,0.522,1,3,0.333,6,10,0.6,2,5,7,8,3,2,4,4,31,25.4,8
4,17,12/2/06,21-337,CLE,HOU,L (-18),1,35:44:00,7,22,0.318,2,6,0.333,5,7,0.714,1,4,5,4,0,0,3,2,21,8.5,-13
4,18,12/6/06,21-341,CLE,TOR,W (+4),1,40:30:00,11,18,0.611,1,2,0.5,3,5,0.6,1,5,6,10,1,0,4,1,26,22.8,2
4,19,12/9/06,21-344,CLE,IND,W (+32),1,31:52:00,11,16,0.688,1,3,0.333,4,6,0.667,0,7,7,6,1,1,3,0,27,24.4,28
4,20,12/11/06,21-346,CLE,NOK,L (-6),1,41:36:00,7,18,0.389,0,3,0,1,1,1,3,4,7,6,4,0,3,1,15,13.3,-4
4,21,12/13/06,21-348,CLE,CHA,W (+3),1,41:37:00,6,17,0.353,0,2,0,10,11,0.909,1,7,8,7,1,1,6,1,22,15.1,3
4,22,12/15/06,21-350,CLE,SEA,W (+22),1,33:37:00,9,14,0.643,2,3,0.667,2,3,0.667,0,9,9,7,1,0,4,3,22,18.8,22
4,23,12/16/06,21-351,CLE,ORL,L (-7),1,41:03:00,10,19,0.526,2,5,0.4,7,9,0.778,1,4,5,5,0,1,4,4,29,19.4,-7
4,24,12/20/06,21-355,CLE,NJN,L (-2),1,40:11:00,10,22,0.455,1,3,0.333,16,21,0.762,0,1,1,8,2,1,3,4,37,27.6,8
4,25,12/21/06,21-356,CLE,DET,L (-16),1,43:00:00,9,20,0.45,0,1,0,8,8,1,2,8,10,5,2,0,1,1,26,23.5,-20
4,26,12/23/06,21-358,CLE,ORL,W (+3),1,42:54:00,13,21,0.619,2,3,0.667,4,10,0.4,0,7,7,1,0,0,7,1,32,15.5,3
4,27,12/27/06,21-362,CLE,ATL,W (+13),1,39:31:00,10,25,0.4,1,2,0.5,6,8,0.75,1,8,9,3,1,2,1,1,27,18.9,23
4,28,12/29/06,21-364,CLE,MIL,W (+10),1,44:01:00,11,21,0.524,2,6,0.333,8,13,0.615,1,3,4,5,1,1,3,5,32,21.5,11
4,29,12/30/06,22-000,CLE,CHI,L (-7),1,40:19:00,15,26,0.577,3,4,0.75,0,3,0,2,7,9,3,1,0,5,4,33,19.6,6
4,30,1/2/07,22-003,CLE,SAS,W (+4),1,40:14:00,7,17,0.412,0,1,0,5,11,0.455,0,5,5,5,2,0,3,1,19,11.1,6
4,31,1/3/07,22-004,CLE,BOS,W (+3),1,44:47:00,11,20,0.55,2,3,0.667,8,10,0.8,1,5,6,4,3,1,3,0,32,27.3,3
4,32,1/5/07,22-006,CLE,MIL,W (+9),1,42:50:00,3,13,0.231,0,4,0,2,2,1,0,5,5,9,1,0,2,1,8,6.5,9
4,33,1/6/07,22-007,CLE,NJN,W (+5),1,44:00:00,9,21,0.429,1,3,0.333,0,0,0,0,13,13,4,3,3,5,4,19,13.1,4
4,34,1/9/07,22-010,CLE,SAC,W (+10),1,43:25:00,14,26,0.538,3,7,0.429,3,3,1,1,3,4,7,2,1,3,3,34,26.4,13
4,35,1/11/07,22-012,CLE,PHO,L (-19),1,38:49:00,15,28,0.536,3,9,0.333,1,2,0.5,2,4,6,6,1,0,5,2,34,22,-20
4,36,1/13/07,22-014,CLE,LAC,W (+12),1,42:02:00,10,23,0.435,0,1,0,8,8,1,1,5,6,6,1,0,2,4,28,19.7,14
4,37,1/16/07,22-017,CLE,SEA,L (-5),1,43:34:00,8,21,0.381,1,7,0.143,13,15,0.867,1,6,7,8,2,1,4,0,30,24.5,-7
4,38,1/17/07,22-018,CLE,POR,L (-18),1,35:07:00,8,21,0.381,1,4,0.25,6,13,0.462,3,3,6,2,1,0,4,0,23,10.1,-24
4,39,1/19/07,22-020,CLE,DEN,L (-11),1,43:52:00,9,23,0.391,0,1,0,12,14,0.857,2,8,10,10,2,0,3,2,30,25.7,-3
4,40,1/20/07,22-021,CLE,GSW,W (+2),1,45:52:00,14,22,0.636,2,7,0.286,2,5,0.4,0,7,7,5,4,0,9,2,32,20.8,5
4,41,1/22/07,22-023,CLE,ORL,L (-11),1,43:23:00,6,15,0.4,0,3,0,6,13,0.462,0,4,4,5,3,0,2,2,18,12,-2
4,42,1/24/07,22-025,CLE,PHI,L (-3),1,53:10:00,14,26,0.538,3,8,0.375,8,13,0.615,2,8,10,5,1,0,4,2,39,27.9,-8
4,43,1/26/07,22-027,CLE,PHI,W (+8),0,0:00:00,0,0,0,0,0,0,0,0,0,0,0,0,0,0,0,0,0,0,0,0
4,44,1/28/07,22-029,CLE,PHO,L (-15),1,42:04:00,12,22,0.545,3,6,0.5,3,6,0.5,2,7,9,5,2,0,3,2,30,23.4,-8
4,45,1/30/07,22-031,CLE,GSW,W (+27),0,0:00:00,0,0,0,0,0,0,0,0,0,0,0,0,0,0,0,0,0,0,0,0
4,46,2/1/07,22-033,CLE,MIA,L (-3),1,35:35:00,6,18,0.333,2,7,0.286,3,8,0.375,1,5,6,9,1,0,2,4,17,10.7,-12
4,47,2/2/07,22-034,CLE,CHA,W (+20),1,35:39:00,7,13,0.538,0,1,0,4,8,0.5,1,9,10,3,2,0,1,1,18,16.2,17
4,48,2/4/07,22-036,CLE,DET,L (-12),1,43:17:00,9,22,0.409,1,4,0.25,2,3,0.667,0,5,5,6,2,0,3,2,21,12.7,-12
4,49,2/7/07,22-039,CLE,LAC,W (+17),1,36:19:00,4,13,0.308,1,2,0.5,2,2,1,0,7,7,3,1,1,2,1,11,7,15
4,50,2/9/07,22-041,CLE,MIA,W (+24),1,41:08:00,12,22,0.545,1,4,0.25,4,8,0.5,1,6,7,6,0,0,2,1,29,21.1,22
4,51,2/11/07,22-043,CLE,LAL,W (+9),1,38:21:00,5,16,0.313,0,2,0,8,12,0.667,1,7,8,5,1,1,1,3,18,13,3
4,52,2/14/07,22-046,CLE,UTA,L (-1),1,42:39:00,9,25,0.36,0,3,0,5,9,0.556,3,7,10,4,1,3,0,2,23,16.8,10
4,53,2/15/07,22-047,CLE,LAL,W (+6),1,39:48:00,10,16,0.625,0,1,0,18,22,0.818,0,4,4,3,3,0,3,4,38,30.9,4
4,54,2/21/07,22-053,CLE,TOR,W (+1),1,36:49:00,12,25,0.48,0,1,0,5,5,1,0,4,4,2,1,1,3,3,29,16.4,5
4,55,2/22/07,22-054,CLE,CHI,L (-6),1,42:58:00,13,28,0.464,1,4,0.25,2,8,0.25,3,4,7,2,3,0,3,1,29,16.5,3
4,56,2/25/07,22-057,CLE,MIA,L (-5),1,41:30:00,10,22,0.455,2,5,0.4,7,12,0.583,0,3,3,7,0,1,2,2,29,19.3,6
4,57,2/27/07,22-059,CLE,NOK,W (+8),1,42:50:00,14,22,0.636,3,4,0.75,4,7,0.571,1,4,5,8,2,1,4,1,35,29.8,16
4,58,3/1/07,22-061,CLE,DAL,L (-3),1,39:58:00,17,27,0.63,1,4,0.25,4,8,0.5,0,3,3,5,0,0,2,2,39,26.9,-2
4,59,3/3/07,22-063,CLE,TOR,W (+23),1,37:22:00,10,20,0.5,1,3,0.333,15,17,0.882,2,3,5,6,0,3,2,1,36,31.4,23
4,60,3/5/07,22-065,CLE,HOU,W (+6),1,41:38:00,12,24,0.5,3,6,0.5,5,9,0.556,1,11,12,8,0,0,3,2,32,24.2,-1
4,61,3/7/07,22-067,CLE,DET,W (+4),1,50:40:00,17,31,0.548,1,3,0.333,6,8,0.75,2,5,7,8,3,1,4,4,41,31.9,8
4,62,3/10/07,22-070,CLE,MIL,W (+2),1,36:30:00,12,22,0.545,4,6,0.667,4,4,1,0,8,8,9,3,1,6,5,32,25.8,15
4,63,3/11/07,22-071,CLE,IND,W (+11),1,38:42:00,10,22,0.455,2,6,0.333,4,5,0.8,3,4,7,6,3,1,2,2,26,22.6,23
4,64,3/13/07,22-073,CLE,SAC,W (+24),0,0:00:00,0,0,0,0,0,0,0,0,0,0,0,0,0,0,0,0,0,0,0,0
4,65,3/14/07,22-074,CLE,MEM,W (+22),1,29:35:00,11,17,0.647,4,7,0.571,3,6,0.5,1,5,6,4,3,0,2,0,29,26.3,35
4,66,3/17/07,22-077,CLE,UTA,W (+9),1,43:40:00,8,21,0.381,0,6,0,8,13,0.615,2,15,17,9,2,2,4,3,24,20.9,7
4,67,3/20/07,22-080,CLE,CHA,L (-8),1,46:33:00,12,31,0.387,2,9,0.222,11,12,0.917,2,4,6,6,1,3,3,4,37,25,-5
4,68,3/21/07,22-081,CLE,DAL,L (-8),1,45:27:00,12,28,0.429,1,6,0.167,6,7,0.857,0,6,6,4,2,3,6,3,31,17.3,-6
4,69,3/23/07,22-083,CLE,NYK,W (+22),1,38:16:00,8,16,0.5,0,1,0,5,6,0.833,1,2,3,10,2,0,1,1,21,21.5,19
4,70,3/25/07,22-085,CLE,DEN,L (-12),1,40:49:00,8,19,0.421,1,6,0.167,1,1,1,0,3,3,8,1,0,5,4,18,8.8,-13
4,71,3/27/07,22-087,CLE,IND,W (+11),1,40:08:00,8,18,0.444,0,3,0,10,14,0.714,1,6,7,6,2,0,3,4,26,19.1,11
4,72,3/28/07,22-088,CLE,NYK,L (-4),1,43:55:00,6,20,0.3,2,5,0.4,10,14,0.714,1,5,6,7,2,0,3,3,24,15.7,3
4,73,3/31/07,22-091,CLE,CHI,W (+4),1,47:24:00,14,25,0.56,0,3,0,11,13,0.846,1,4,5,9,3,0,7,4,39,28.9,4
4,74,4/1/07,22-092,CLE,BOS,L (-2),0,0:00:00,0,0,0,0,0,0,0,0,0,0,0,0,0,0,0,0,0,0,0,0
4,75,4/3/07,22-094,CLE,MIN,W (+13),1,41:49:00,13,24,0.542,0,2,0,5,5,1,2,10,12,6,4,1,2,1,31,30.3,21
4,76,4/5/07,22-096,CLE,MIA,L (-4),1,48:36:00,11,21,0.524,2,5,0.4,11,13,0.846,2,7,9,5,0,0,4,4,35,25.3,3
4,77,4/6/07,22-097,CLE,WAS,W (+5),1,44:25:00,7,23,0.304,0,3,0,11,14,0.786,0,6,6,5,1,1,2,3,25,14.3,5
4,78,4/8/07,22-099,CLE,DET,L (-5),1,43:06:00,5,16,0.313,1,4,0.25,9,11,0.818,1,4,5,6,1,0,5,2,20,11.3,-11
4,79,4/12/07,22-103,CLE,NJN,W (+18),1,35:15:00,15,27,0.556,0,1,0,5,9,0.556,3,5,8,4,2,1,2,1,35,27.2,21
4,80,4/14/07,22-105,CLE,ATL,W (+34),1,31:57:00,8,16,0.5,3,6,0.5,4,5,0.8,1,4,5,6,1,1,0,1,23,22,25
4,81,4/17/07,22-108,CLE,PHI,W (+6),1,36:03:00,7,15,0.467,0,2,0,4,7,0.571,1,4,5,6,0,0,1,3,18,13,-4
4,82,4/18/07,22-109,CLE,MIL,W (+13),1,39:58:00,9,18,0.5,1,4,0.25,5,10,0.5,0,5,5,9,2,0,2,2,24,20,22
5,1,10/31/07,22-305,CLE,DAL,L (-18),1,36:09:00,2,11,0.182,0,2,0,6,10,0.6,1,4,5,4,1,0,5,4,10,0.6,-12
5,2,11/2/07,22-307,CLE,NYK,W (+4),1,44:25:00,13,28,0.464,3,5,0.6,16,22,0.727,3,4,7,7,3,1,3,1,45,36.7,4
5,3,11/4/07,22-309,CLE,PHO,L (-11),1,43:13:00,11,26,0.423,3,5,0.6,2,2,1,1,4,5,8,2,4,3,0,27,22.5,-18
5,4,11/6/07,22-311,CLE,GSW,W (+4),1,41:51:00,9,16,0.563,1,2,0.5,5,7,0.714,1,12,13,9,0,3,2,1,24,25.9,4
5,5,11/7/07,22-312,CLE,UTA,L (-2),1,40:45:00,12,27,0.444,1,4,0.25,7,15,0.467,2,13,15,13,3,2,4,4,32,27.9,4
5,6,11/9/07,22-314,CLE,SAC,W (+2),1,43:51:00,10,19,0.526,0,2,0,6,8,0.75,0,4,4,4,1,1,1,1,26,20.2,-1
5,7,11/11/07,22-316,CLE,LAC,W (+8),1,35:55:00,9,21,0.429,0,2,0,4,8,0.5,1,4,5,8,6,1,5,3,22,17.3,11
5,8,11/12/07,22-317,CLE,DEN,L (-22),1,33:47:00,9,16,0.563,1,3,0.333,8,14,0.571,0,1,1,4,2,0,4,3,27,16.9,-13
5,9,11/14/07,22-319,CLE,ORL,L (-1),1,47:14:00,15,27,0.556,2,4,0.5,7,9,0.778,4,9,13,14,0,2,4,1,39,37.6,2
5,10,11/16/07,22-321,CLE,UTA,W (+5),1,40:16:00,13,27,0.481,1,3,0.333,13,15,0.867,2,8,10,9,0,3,5,3,40,31.5,13
5,11,11/20/07,22-325,CLE,MIL,L (-4),1,44:06:00,11,22,0.5,1,7,0.143,11,12,0.917,0,7,7,7,1,1,3,4,34,26.7,-2
5,12,11/21/07,22-326,CLE,MIN,W (+11),1,39:03:00,17,26,0.654,6,10,0.6,5,8,0.625,2,6,8,5,3,2,3,2,45,39.7,14
5,13,11/24/07,22-329,CLE,TOR,W (+3),1,44:41:00,14,29,0.483,2,8,0.25,7,8,0.875,3,9,12,12,3,1,4,3,37,33.6,7
5,14,11/25/07,22-330,CLE,IND,W (+5),1,35:47:00,10,21,0.476,1,6,0.167,9,15,0.6,3,8,11,10,4,1,2,1,30,30.7,9
5,15,11/27/07,22-332,CLE,BOS,W (+5),1,45:46:00,11,25,0.44,2,8,0.25,14,15,0.933,0,4,4,13,2,2,3,2,38,34.4,14
5,16,11/28/07,22-333,CLE,DET,L (-35),1,19:31,5,11,0.455,0,2,0,5,9,0.556,0,1,1,3,0,0,0,1,15,9.7,-2
5,17,11/30/07,22-335,CLE,TOR,L (-9),2,0:00:00,2,2,2,2,2,2,2,2,2,2,2,2,2,2,2,2,2,2,2,2
5,18,12/2/07,22-337,CLE,BOS,L (-10),2,0:00:00,2,2,2,2,2,2,2,2,2,2,2,2,2,2,2,2,2,2,2,2
5,19,12/4/07,22-339,CLE,NJN,L (-21),2,0:00:00,2,2,2,2,2,2,2,2,2,2,2,2,2,2,2,2,2,2,2,2
5,20,12/5/07,22-340,CLE,WAS,L (-19),2,0:00:00,2,2,2,2,2,2,2,2,2,2,2,2,2,2,2,2,2,2,2,2
5,21,12/8/07,22-343,CLE,CHA,L (-3),2,0:00:00,2,2,2,2,2,2,2,2,2,2,2,2,2,2,2,2,2,2,2,2
5,22,12/11/07,22-346,CLE,IND,W (+13),0,22:37,5,9,0.556,0,1,0,7,10,0.7,1,2,3,5,1,1,4,2,17,13.2,27
5,23,12/14/07,22-349,CLE,NJN,L (-8),1,41:09:00,12,25,0.48,3,9,0.333,2,3,0.667,0,6,6,8,2,0,6,3,29,18.1,6
5,24,12/15/07,22-350,CLE,PHI,L (-6),1,41:46:00,10,18,0.556,0,1,0,1,1,1,0,6,6,6,0,1,3,1,21,15.7,5
5,25,12/17/07,22-352,CLE,MIL,W (+5),1,50:13:00,10,25,0.4,0,5,0,11,13,0.846,1,7,8,5,1,0,2,3,31,20.8,6
5,26,12/19/07,22-354,CLE,NYK,L (-18),1,36:52:00,12,21,0.571,3,6,0.5,5,6,0.833,1,7,8,6,6,0,4,1,32,30.3,-9
5,27,12/20/07,22-355,CLE,LAL,W (+4),1,38:28:00,12,29,0.414,0,3,0,9,11,0.818,4,6,10,5,1,1,3,3,33,22.3,-7
5,28,12/23/07,22-358,CLE,GSW,L (-9),1,40:51:00,8,20,0.4,0,2,0,9,13,0.692,2,3,5,8,1,1,3,2,25,18.4,-12
5,29,12/25/07,22-360,CLE,MIA,W (+14),1,38:36:00,9,19,0.474,0,3,0,7,11,0.636,0,6,6,12,1,1,2,3,25,22.4,18
5,30,12/27/07,22-362,CLE,DAL,W (+7),1,36:19:00,9,21,0.429,1,4,0.25,5,10,0.5,4,4,8,7,3,0,3,5,24,17.8,5
5,31,12/29/07,22-364,CLE,NOH,L (-10),1,42:21:00,8,21,0.381,1,4,0.25,4,6,0.667,2,3,5,6,1,0,4,1,21,11.8,-18
5,32,1/2/08,23-003,CLE,ATL,W (+4),1,40:05:00,13,22,0.591,1,3,0.333,9,11,0.818,1,4,5,6,2,1,2,1,36,31.4,7
5,33,1/4/08,23-005,CLE,SAC,W (+4),1,45:21:00,7,18,0.389,1,6,0.167,9,12,0.75,1,7,8,10,5,1,3,1,24,25.1,7
5,34,1/6/08,23-007,CLE,TOR,W (+3),1,45:44:00,14,29,0.483,4,8,0.5,7,12,0.583,3,8,11,8,0,0,1,1,39,31,-1
5,35,1/8/08,23-009,CLE,SEA,W (+16),1,35:10:00,8,18,0.444,0,3,0,6,6,1,2,6,8,3,2,0,4,2,22,15.1,13
5,36,1/9/08,23-010,CLE,ATL,L (-9),1,43:23:00,13,22,0.591,0,4,0,5,9,0.556,3,7,10,6,3,1,3,3,31,27.1,-7
5,37,1/11/08,23-012,CLE,CHA,W (+7),1,49:36:00,10,20,0.5,2,7,0.286,9,15,0.6,5,14,19,8,4,3,8,3,31,28.8,-2
5,38,1/15/08,23-016,CLE,MEM,W (+8),1,47:10:00,18,28,0.643,6,12,0.5,9,16,0.563,3,5,8,9,3,1,4,1,51,45,10
5,39,1/17/08,23-018,CLE,SAS,W (+2),1,38:54:00,9,24,0.375,1,5,0.2,8,12,0.667,3,6,9,7,0,2,3,1,27,19,-11
5,40,1/21/08,23-022,CLE,MIA,W (+7),1,39:40:00,11,26,0.423,1,4,0.25,5,5,1,1,2,3,5,4,1,5,4,28,17.1,12
5,41,1/23/08,23-024,CLE,WAS,W (+36),1,31:08:00,7,13,0.538,1,3,0.333,8,9,0.889,2,6,8,8,2,1,0,2,23,27,31
5,42,1/25/08,23-026,CLE,PHO,L (-2),1,39:26:00,14,30,0.467,0,1,0,8,10,0.8,2,5,7,5,2,0,1,3,36,26,-12
5,43,1/27/08,23-028,CLE,LAL,W (+3),1,44:08:00,16,32,0.5,1,5,0.2,8,12,0.667,3,6,9,4,2,0,5,4,41,25.5,-3
5,44,1/30/08,23-031,CLE,POR,W (+1),1,43:53:00,13,29,0.448,3,6,0.5,8,12,0.667,2,12,14,4,2,2,4,3,37,26.3,3
5,45,1/31/08,23-032,CLE,SEA,L (-6),0,0:00:00,0,0,0,0,0,0,0,0,0,0,0,0,0,0,0,0,0,0,0,0
5,46,2/2/08,23-034,CLE,LAC,W (+14),1,43:48:00,8,19,0.421,1,4,0.25,11,16,0.688,0,11,11,7,2,1,3,2,28,23,15
5,47,2/5/08,23-037,CLE,BOS,W (+1),1,42:24:00,11,21,0.524,4,8,0.5,7,10,0.7,1,8,9,12,5,2,7,5,33,30.4,12
5,48,2/7/08,23-039,CLE,HOU,L (-15),1,41:13:00,12,23,0.522,2,5,0.4,6,11,0.545,1,6,7,6,2,2,3,0,32,25.8,-11
5,49,2/8/08,23-040,CLE,ATL,W (+5),1,44:00:00,11,24,0.458,0,3,0,4,4,1,4,7,11,7,2,1,1,2,26,24.3,5
5,50,2/10/08,23-042,CLE,DEN,L (-30),1,32:36:00,11,23,0.478,2,5,0.4,6,6,1,1,4,5,3,2,0,5,1,30,18.9,-25
5,51,2/11/08,23-043,CLE,ORL,W (+7),1,43:51:00,8,15,0.533,1,2,0.5,12,15,0.8,1,6,7,10,3,1,5,3,29,27.5,10
5,52,2/13/08,23-045,CLE,SAS,L (-7),1,42:44:00,17,31,0.548,1,5,0.2,4,7,0.571,2,4,6,9,0,1,3,4,39,27.9,-4
5,53,2/19/08,23-051,CLE,HOU,L (-8),1,42:08:00,7,18,0.389,4,7,0.571,8,11,0.727,2,11,13,11,2,0,5,2,26,23.6,-8
5,54,2/20/08,23-052,CLE,IND,W (+9),1,43:14:00,11,22,0.5,1,5,0.2,8,12,0.667,2,12,14,12,2,1,4,1,31,30.1,14
5,55,2/22/08,23-054,CLE,WAS,W (+1),1,44:32:00,11,20,0.55,2,6,0.333,9,14,0.643,3,12,15,8,1,1,3,1,33,31,2
5,56,2/24/08,23-056,CLE,MEM,W (+20),1,39:02:00,10,17,0.588,1,4,0.25,4,5,0.8,1,6,7,11,3,1,6,2,25,23.8,19
5,57,2/26/08,23-058,CLE,MIL,L (-3),1,37:50:00,16,24,0.667,1,3,0.333,2,5,0.4,0,4,4,6,0,1,2,3,35,26.3,-2
5,58,2/27/08,23-059,CLE,BOS,L (-5),1,39:00:00,7,24,0.292,1,6,0.167,11,15,0.733,4,4,8,4,0,0,3,2,26,13.4,-13
5,59,2/29/08,23-061,CLE,MIN,W (+8),1,43:35:00,11,22,0.5,1,4,0.25,7,9,0.778,2,6,8,13,2,0,3,2,30,28.7,12
5,60,3/2/08,23-063,CLE,CHI,W (+9),1,39:51:00,15,29,0.517,0,5,0,7,8,0.875,3,3,6,6,1,0,3,1,37,27.1,21
5,61,3/5/08,23-066,CLE,NYK,W (+14),1,43:50:00,16,30,0.533,7,13,0.538,11,16,0.688,1,7,8,10,4,0,2,3,50,44,11
5,62,3/6/08,23-067,CLE,CHI,L (-11),1,37:55:00,13,27,0.481,2,8,0.25,11,12,0.917,0,3,3,1,1,3,4,1,39,25.2,-21
5,63,3/8/08,23-069,CLE,IND,W (+8),1,38:13:00,11,24,0.458,5,8,0.625,11,12,0.917,4,7,11,4,1,2,2,2,38,32.5,15
5,64,3/10/08,23-071,CLE,POR,W (+8),1,43:41:00,7,18,0.389,1,4,0.25,9,13,0.692,1,9,10,11,1,2,4,0,24,22.1,10
5,65,3/12/08,23-073,CLE,NJN,L (-5),1,45:41:00,12,23,0.522,2,7,0.286,16,23,0.696,3,8,11,7,1,2,6,5,42,31.7,-4
5,66,3/13/08,23-074,CLE,WAS,L (-2),1,43:23:00,9,22,0.409,1,7,0.143,6,8,0.75,2,5,7,7,0,0,7,4,25,11.6,3
5,67,3/16/08,23-077,CLE,CHA,W (+7),1,41:40:00,11,24,0.458,1,3,0.333,10,16,0.625,2,5,7,10,1,2,1,2,33,28.7,17
5,68,3/17/08,23-078,CLE,ORL,L (-14),1,42:14:00,11,22,0.5,1,4,0.25,7,11,0.636,2,7,9,6,0,1,3,1,30,22.4,-7
5,69,3/19/08,23-080,CLE,DET,W (+16),1,41:04:00,11,19,0.579,2,5,0.4,6,7,0.857,3,4,7,6,1,1,0,0,30,29.9,15
5,70,3/21/08,23-082,CLE,TOR,W (+7),1,41:24:00,14,22,0.636,1,3,0.333,0,0,0,0,12,12,5,1,0,5,1,29,21.9,-3
5,71,3/22/08,23-083,CLE,MIL,L (-10),1,38:35:00,9,25,0.36,3,9,0.333,8,10,0.8,4,7,11,4,2,0,4,3,29,18.8,-12
5,72,3/26/08,23-087,CLE,NOH,L (-1),1,40:33:00,6,14,0.429,1,2,0.5,8,10,0.8,0,3,3,8,2,2,2,2,21,19.9,-3
5,73,3/29/08,23-090,CLE,DET,L (-14),1,35:18:00,4,17,0.235,1,5,0.2,4,6,0.667,0,4,4,5,0,0,5,0,13,1.6,-19
5,74,3/30/08,23-091,CLE,PHI,W (+3),1,41:47:00,11,18,0.611,1,2,0.5,3,3,1,3,6,9,9,3,1,1,4,26,29.1,7
5,75,4/2/08,23-094,CLE,CHA,W (+4),1,31:13:00,11,19,0.579,1,4,0.25,6,6,1,2,2,4,5,3,2,4,6,29,23.6,3
5,76,4/3/08,23-095,CLE,CHI,L (-3),1,38:30:00,10,24,0.417,3,7,0.429,10,14,0.714,0,5,5,4,2,2,3,4,33,21.7,-1
5,77,4/5/08,23-097,CLE,ORL,L (-15),1,42:22:00,6,22,0.273,1,5,0.2,4,8,0.5,5,2,7,9,2,2,5,1,17,10.8,-15
5,78,4/9/08,23-101,CLE,NJN,W (+21),1,35:22:00,11,21,0.524,1,4,0.25,10,13,0.769,4,3,7,8,1,2,0,2,33,32.4,10
5,79,4/11/08,23-103,CLE,CHI,L (-5),1,38:11:00,13,21,0.619,2,6,0.333,6,12,0.5,0,6,6,2,3,0,3,2,34,24.5,-10
5,80,4/13/08,23-105,CLE,MIA,W (+8),1,35:15:00,3,9,0.333,0,1,0,7,9,0.778,0,11,11,7,1,2,5,1,13,12.3,-3
5,81,4/14/08,23-106,CLE,PHI,W (+1),1,41:41:00,10,18,0.556,1,2,0.5,6,12,0.5,1,3,4,5,2,1,5,3,27,17.6,-5
5,82,4/16/08,23-108,CLE,DET,L (-10),0,0:00:00,0,0,0,0,0,0,0,0,0,0,0,0,0,0,0,0,0,0,0,0
6,1,10/28/08,23-303,CLE,BOS,L (-5),1,36:00:00,9,21,0.429,0,4,0,4,8,0.5,1,6,7,6,2,1,3,4,22,14.1,-3
6,2,10/30/08,23-305,CLE,CHA,W (+17),1,30:16:00,7,15,0.467,0,2,0,8,12,0.667,2,7,9,9,0,1,5,3,22,17,10
6,3,11/1/08,23-307,CLE,NOH,L (-12),1,37:43:00,6,15,0.4,0,3,0,3,4,0.75,2,5,7,13,3,0,5,3,15,15.3,-8
6,4,11/3/08,23-309,CLE,DAL,W (+19),1,34:08:00,8,20,0.4,0,2,0,13,15,0.867,2,6,8,3,2,1,1,1,29,24,13
6,5,11/5/08,23-311,CLE,CHI,W (+14),1,35:50:00,13,23,0.565,0,2,0,15,16,0.938,2,7,9,6,4,0,5,1,41,36,22
6,6,11/7/08,23-313,CLE,IND,W (+4),1,39:20:00,11,24,0.458,1,6,0.167,4,7,0.571,2,7,9,8,1,4,4,2,27,21.5,-3
6,7,11/8/08,23-314,CLE,CHI,W (+9),1,39:12:00,13,29,0.448,4,7,0.571,11,13,0.846,4,9,13,4,0,0,2,1,41,31,12
6,8,11/11/08,23-317,CLE,MIL,W (+6),1,42:46:00,16,24,0.667,1,4,0.25,8,10,0.8,0,5,5,6,3,0,2,2,41,35.7,11
6,9,11/13/08,23-319,CLE,DEN,W (+11),1,38:02:00,10,20,0.5,0,0,0,2,4,0.5,1,7,8,11,3,0,5,4,22,18.1,14
6,10,11/15/08,23-321,CLE,UTA,W (+12),1,42:03:00,13,21,0.619,3,7,0.429,9,11,0.818,3,2,5,7,2,2,2,2,38,35.9,33
6,11,11/18/08,23-324,CLE,NJN,W (+24),1,35:58:00,9,20,0.45,1,4,0.25,12,17,0.706,0,8,8,4,0,1,3,3,31,20.3,17
6,12,11/19/08,23-325,CLE,DET,L (-7),1,39:30:00,8,21,0.381,0,4,0,9,10,0.9,1,5,6,6,4,0,3,1,25,20.1,-5
6,13,11/22/08,23-328,CLE,ATL,W (+14),1,36:35:00,8,19,0.421,1,4,0.25,7,7,1,1,6,7,8,2,0,2,3,24,20.8,16
6,14,11/25/08,23-331,CLE,NYK,W (+18),1,30:20:00,7,14,0.5,3,7,0.429,9,11,0.818,0,4,4,1,1,1,1,0,26,20.8,17
6,15,11/26/08,23-332,CLE,OKC,W (+35),1,17:08,7,12,0.583,0,1,0,0,0,0,0,3,3,3,1,3,0,0,14,14.5,24
6,16,11/28/08,23-334,CLE,GSW,W (+15),1,30:39:00,9,13,0.692,3,4,0.75,2,4,0.5,1,6,7,8,3,1,2,2,23,25.7,24
6,17,11/29/08,23-335,CLE,MIL,W (+12),1,41:22:00,12,27,0.444,1,5,0.2,7,10,0.7,1,6,7,5,2,1,3,3,32,21.2,7
6,18,12/3/08,23-339,CLE,NYK,W (+36),1,28:09:00,5,10,0.5,1,4,0.25,10,10,1,0,5,5,6,5,1,0,0,21,27.4,30
6,19,12/5/08,23-341,CLE,IND,W (+24),1,37:37:00,4,12,0.333,0,4,0,3,4,0.75,2,6,8,11,1,3,2,2,11,15,32
6,20,12/6/08,23-342,CLE,CHA,W (+20),1,27:40:00,8,17,0.471,2,4,0.5,7,8,0.875,2,3,5,4,2,2,3,3,25,20.2,27
6,21,12/9/08,23-345,CLE,TOR,W (+20),1,30:24:00,11,18,0.611,2,5,0.4,7,8,0.875,0,5,5,4,3,0,2,1,31,27.3,19
6,22,12/10/08,23-346,CLE,PHI,W (+8),1,39:04:00,10,22,0.455,2,6,0.333,7,8,0.875,2,2,4,5,0,2,1,4,29,21.5,-1
6,23,12/12/08,23-348,CLE,PHI,W (+16),1,36:50:00,9,21,0.429,1,4,0.25,9,12,0.75,3,4,7,7,1,3,0,2,28,26.2,13
6,24,12/13/08,23-349,CLE,ATL,L (-5),1,45:40:00,10,19,0.526,2,7,0.286,11,12,0.917,2,4,6,9,4,1,1,2,33,35.1,1
6,25,12/17/08,23-353,CLE,MIN,W (+23),1,39:38:00,14,20,0.7,2,6,0.333,2,4,0.5,0,6,6,3,2,2,0,1,32,29.7,22
6,26,12/19/08,23-355,CLE,DEN,W (+17),1,38:45:00,13,20,0.65,0,2,0,7,8,0.875,3,7,10,8,0,0,6,3,33,26.4,14
6,27,12/21/08,23-357,CLE,OKC,W (+11),1,42:46:00,14,24,0.583,2,4,0.5,1,2,0.5,2,2,4,7,3,1,3,1,31,26.6,16
6,28,12/23/08,23-359,CLE,HOU,W (+9),1,38:20:00,11,23,0.478,0,3,0,5,7,0.714,1,8,9,5,3,1,7,2,27,17,14
6,29,12/25/08,23-361,CLE,WAS,W (+4),1,38:13:00,6,13,0.462,0,2,0,6,10,0.6,0,5,5,6,3,1,3,1,18,15.7,-4
6,30,12/28/08,23-364,CLE,MIA,W (+7),1,42:31:00,12,19,0.632,2,4,0.5,7,12,0.583,0,6,6,9,0,1,2,1,33,28.9,8
6,31,12/30/08,24-000,CLE,MIA,L (-9),1,43:29:00,12,24,0.5,3,8,0.375,11,14,0.786,0,2,2,7,0,2,5,2,38,25.9,-6
6,32,1/2/09,24-003,CLE,CHI,W (+25),1,37:16:00,3,8,0.375,2,3,0.667,8,8,1,1,9,10,11,2,3,5,1,16,21.4,27
6,33,1/4/09,24-005,CLE,WAS,L (-3),1,40:46:00,11,22,0.5,3,9,0.333,5,8,0.625,0,6,6,10,1,2,7,4,30,20.4,0
6,34,1/7/09,24-008,CLE,CHA,W (+30),1,30:59:00,9,16,0.563,0,1,0,3,3,1,0,4,4,4,2,2,4,1,21,16.4,23
6,35,1/9/09,24-010,CLE,BOS,W (+15),1,35:49:00,13,25,0.52,3,7,0.429,9,9,1,1,6,7,6,4,3,3,2,38,34.7,20
6,36,1/13/09,24-014,CLE,MEM,W (+15),1,40:12:00,9,15,0.6,1,5,0.2,11,14,0.786,0,11,11,10,3,1,2,2,30,33.1,21
6,37,1/15/09,24-016,CLE,CHI,L (-9),1,44:19:00,8,28,0.286,1,6,0.167,11,16,0.688,3,11,14,7,1,1,8,4,28,12,2
6,38,1/16/09,24-017,CLE,NOH,W (+14),1,42:59:00,12,24,0.5,0,2,0,5,6,0.833,3,11,14,7,3,1,4,3,29,25.4,19
6,39,1/19/09,24-020,CLE,LAL,L (-17),1,42:10:00,9,25,0.36,1,5,0.2,4,8,0.5,2,7,9,4,4,1,6,1,23,12.1,-11
6,40,1/21/09,24-022,CLE,POR,W (+6),1,42:02:00,14,30,0.467,3,6,0.5,3,4,0.75,0,7,7,14,1,0,2,1,34,28.7,14
6,41,1/23/09,24-024,CLE,GSW,W (+1),1,40:39:00,10,24,0.417,2,5,0.4,10,16,0.625,2,7,9,8,3,2,2,2,32,27.5,12
6,42,1/24/09,24-025,CLE,UTA,W (+5),1,41:08:00,14,27,0.519,1,6,0.167,4,6,0.667,4,10,14,9,1,0,2,1,33,29.6,16
6,43,1/27/09,24-028,CLE,SAC,W (+7),1,37:31:00,5,10,0.5,0,2,0,13,15,0.867,5,10,15,11,0,3,2,1,23,31.1,6
6,44,1/29/09,24-030,CLE,ORL,L (-11),1,37:41:00,10,27,0.37,0,2,0,3,6,0.5,1,7,8,8,1,1,2,1,23,14.6,-9
6,45,1/30/09,24-031,CLE,LAC,W (+17),1,37:08:00,9,17,0.529,2,4,0.5,5,6,0.833,0,7,7,6,3,1,3,2,25,22.5,32
6,46,2/1/09,24-033,CLE,DET,W (+10),1,38:50:00,12,25,0.48,3,8,0.375,6,11,0.545,4,0,4,8,1,1,5,3,33,22.2,-8
6,47,2/3/09,24-035,CLE,TOR,W (+18),1,37:31:00,9,20,0.45,2,5,0.4,13,13,1,1,6,7,4,1,2,3,3,33,26.1,23
6,48,2/4/09,24-036,CLE,NYK,W (+5),1,44:03:00,17,33,0.515,2,7,0.286,16,19,0.842,0,9,9,11,0,2,3,1,52,42.9,7
6,49,2/8/09,24-040,CLE,LAL,L (-10),1,40:08:00,5,20,0.25,2,8,0.25,4,8,0.5,3,5,8,12,0,0,1,1,16,13,-12
6,50,2/10/09,24-042,CLE,IND,L (-1),1,41:10:00,15,21,0.714,4,7,0.571,13,14,0.929,0,7,7,4,1,1,7,1,47,37.1,7
6,51,2/11/09,24-043,CLE,PHO,W (+17),1,33:17:00,9,18,0.5,1,5,0.2,7,8,0.875,2,4,6,6,2,1,3,1,26,22.7,22
6,52,2/18/09,24-050,CLE,TOR,W (+17),1,33:12:00,9,17,0.529,0,3,0,2,2,1,1,8,9,9,1,1,5,1,20,17.4,20
6,53,2/20/09,24-052,CLE,MIL,W (+8),1,40:04:00,16,29,0.552,8,11,0.727,15,22,0.682,1,4,5,9,0,0,6,3,55,39.3,13
6,54,2/22/09,24-054,CLE,DET,W (+21),1,30:34:00,6,13,0.462,0,3,0,8,10,0.8,0,5,5,9,2,1,0,0,20,23,22
6,55,2/24/09,24-056,CLE,MEM,W (+15),1,29:40:00,4,10,0.4,1,2,0.5,6,8,0.75,0,5,5,8,0,1,2,1,15,14.2,13
6,56,2/26/09,24-058,CLE,HOU,L (-19),1,33:51:00,7,21,0.333,2,5,0.4,5,6,0.833,0,1,1,0,1,2,3,4,21,6.8,-14
6,57,2/27/09,24-059,CLE,SAS,W (+11),1,32:08:00,12,23,0.522,3,6,0.5,3,3,1,4,10,14,4,2,0,1,2,30,27.5,29
6,58,3/1/09,24-061,CLE,ATL,W (+1),1,43:43:00,8,20,0.4,2,7,0.286,8,14,0.571,1,5,6,11,1,2,0,3,26,23.9,4
6,59,3/2/09,24-062,CLE,MIA,W (+7),1,43:40:00,13,21,0.619,6,7,0.857,10,10,1,1,7,8,4,1,1,6,4,42,32.2,8
6,60,3/4/09,24-064,CLE,MIL,W (+18),1,33:12:00,7,11,0.636,4,5,0.8,5,7,0.714,1,7,8,4,1,0,3,2,23,20.1,24
6,61,3/6/09,24-066,CLE,BOS,L (-11),1,38:17:00,5,15,0.333,2,5,0.4,9,12,0.75,0,6,6,5,1,0,4,1,21,13.2,-1
6,62,3/7/09,24-067,CLE,MIA,W (+10),1,43:19:00,5,15,0.333,0,3,0,4,7,0.571,2,8,10,12,1,1,2,0,14,16.2,10
6,63,3/10/09,24-070,CLE,LAC,W (+4),1,43:42:00,10,23,0.435,0,6,0,12,16,0.75,4,9,13,11,2,2,4,2,32,30.1,7
6,64,3/12/09,24-072,CLE,PHO,W (+8),1,43:27:00,10,24,0.417,3,8,0.375,11,13,0.846,6,4,10,13,3,3,3,0,34,37,7
6,65,3/13/09,24-073,CLE,SAC,W (+3),1,46:59:00,16,30,0.533,4,11,0.364,15,17,0.882,0,4,4,9,2,3,3,2,51,43.4,6
6,66,3/15/09,24-075,CLE,NYK,W (+5),1,39:52:00,9,17,0.529,0,3,0,1,3,0.333,1,7,8,10,4,3,3,1,19,22.4,-1
6,67,3/17/09,24-077,CLE,ORL,W (+4),1,42:40:00,15,27,0.556,4,7,0.571,9,10,0.9,2,10,12,8,4,1,6,1,43,38,5
6,68,3/19/09,24-079,CLE,POR,W (+5),1,46:47:00,10,22,0.455,0,3,0,6,11,0.545,0,11,11,10,1,2,0,4,26,23.7,-1
6,69,3/21/09,24-081,CLE,ATL,W (+6),1,40:03:00,9,21,0.429,1,4,0.25,3,5,0.6,1,6,7,5,3,1,2,2,22,17,10
6,70,3/22/09,24-082,CLE,NJN,W (+8),1,39:09:00,9,17,0.529,1,4,0.25,11,15,0.733,2,9,11,8,1,0,1,0,30,29.8,14
6,71,3/25/09,24-085,CLE,NJN,W (+11),1,39:06:00,7,14,0.5,1,1,1,7,7,1,1,7,8,11,1,0,1,0,22,25.5,19
6,72,3/27/09,24-087,CLE,MIN,W (+22),1,33:36:00,8,14,0.571,2,3,0.667,7,10,0.7,2,10,12,7,0,0,5,0,25,21.5,25
6,73,3/29/09,24-089,CLE,DAL,W (+28),1,31:19:00,9,22,0.409,2,4,0.5,4,5,0.8,1,5,6,12,1,2,0,0,24,24.8,15
6,74,3/31/09,24-091,CLE,DET,W (+6),1,40:36:00,9,24,0.375,0,2,0,7,8,0.875,1,11,12,3,3,1,1,0,25,20.2,10
6,75,4/2/09,24-093,CLE,WAS,L (-8),1,38:20:00,11,18,0.611,4,8,0.5,5,7,0.714,1,8,9,6,0,0,6,1,31,22.9,-13
6,76,4/3/09,24-094,CLE,ORL,L (-29),1,32:00:00,7,20,0.35,2,5,0.4,10,10,1,1,8,9,5,1,0,2,1,26,20,-26
6,77,4/5/09,24-096,CLE,SAS,W (+20),1,36:43:00,14,21,0.667,2,5,0.4,8,8,1,0,7,7,6,1,0,2,1,38,33.8,7
6,78,4/8/09,24-099,CLE,WAS,W (+12),1,30:51:00,7,15,0.467,0,2,0,7,8,0.875,0,6,6,7,3,0,2,1,21,20.2,25
6,79,4/10/09,24-101,CLE,PHI,W (+10),1,36:34:00,8,17,0.471,1,4,0.25,10,12,0.833,0,2,2,10,0,1,1,4,27,23.2,8
6,80,4/12/09,24-103,CLE,BOS,W (+31),1,30:22:00,9,14,0.643,5,8,0.625,6,6,1,0,4,4,7,1,1,5,1,29,25.2,21
6,81,4/13/09,24-104,CLE,IND,W (+8),1,38:42:00,12,23,0.522,2,7,0.286,11,14,0.786,0,5,5,5,1,0,5,1,37,25.1,8
6,82,4/15/09,24-106,CLE,PHI,L (-1),2,0:00:00,2,2,2,2,2,2,2,2,2,2,2,2,2,2,2,2,2,2,2,2
7,1,10/27/09,24-301,CLE,BOS,L (-6),1,44:55:00,12,22,0.545,4,9,0.444,10,13,0.769,0,4,4,8,2,4,5,4,38,31.2,0
7,2,10/28/09,24-302,CLE,TOR,L (-10),1,39:47:00,7,19,0.368,1,5,0.2,8,14,0.571,2,9,11,12,2,0,4,1,23,20.2,2
7,3,10/30/09,24-304,CLE,MIN,W (+17),1,33:26:00,10,18,0.556,2,3,0.667,2,3,0.667,2,7,9,6,1,1,2,1,24,22,17
7,4,10/31/09,24-305,CLE,CHA,W (+11),1,37:14:00,5,11,0.455,0,1,0,4,6,0.667,1,6,7,9,0,0,4,1,14,11.9,19
7,5,11/3/09,24-308,CLE,WAS,W (+12),1,35:59:00,7,16,0.438,2,7,0.286,11,13,0.846,3,5,8,6,3,0,4,0,27,24.6,5
7,6,11/5/09,24-310,CLE,CHI,L (-1),1,38:13:00,9,17,0.529,1,4,0.25,6,9,0.667,0,7,7,6,1,1,3,0,25,20.5,-1
7,7,11/6/09,24-311,CLE,NYK,W (+9),1,35:37:00,12,17,0.706,2,4,0.5,7,9,0.778,0,8,8,9,3,0,7,3,33,28.6,8
7,8,11/11/09,24-316,CLE,ORL,W (+9),1,39:07:00,13,23,0.565,2,3,0.667,8,9,0.889,2,6,8,4,1,0,4,2,36,26.9,7
7,9,11/12/09,24-317,CLE,MIA,W (+7),1,38:53:00,8,20,0.4,2,4,0.5,16,18,0.889,1,3,4,7,2,1,2,2,34,28.8,6
7,10,11/14/09,24-319,CLE,UTA,W (+4),1,37:33:00,6,15,0.4,0,3,0,9,12,0.75,0,6,6,9,2,1,2,1,21,20.1,6
7,11,11/17/09,24-322,CLE,GSW,W (+6),1,38:32:00,11,19,0.579,1,5,0.2,8,10,0.8,0,5,5,12,1,2,2,2,31,30.8,8
7,12,11/18/09,24-323,CLE,WAS,L (-17),1,35:08:00,12,20,0.6,3,7,0.429,7,8,0.875,0,2,2,9,2,0,6,4,34,25.7,-12
7,13,11/20/09,24-325,CLE,IND,W (+10),1,37:53:00,13,25,0.52,1,3,0.333,13,14,0.929,2,7,9,7,1,1,2,1,40,35,4
7,14,11/21/09,24-326,CLE,PHI,W (+6),1,38:32:00,13,20,0.65,2,4,0.5,4,6,0.667,0,7,7,9,0,0,5,3,32,24.6,11
7,15,11/25/09,24-330,CLE,DET,W (+10),1,38:49:00,12,24,0.5,1,4,0.25,9,11,0.818,1,7,8,7,1,0,5,2,34,24.1,12
7,16,11/27/09,24-332,CLE,CHA,L (-7),1,38:01:00,10,19,0.526,2,7,0.286,3,4,0.75,0,6,6,4,0,0,6,4,25,12.3,3
7,17,11/28/09,24-333,CLE,DAL,W (+16),1,36:21:00,10,20,0.5,0,2,0,5,7,0.714,0,5,5,12,0,0,1,2,25,22.3,8
7,18,12/2/09,24-337,CLE,PHO,W (+17),1,34:37:00,6,15,0.4,0,3,0,0,0,0,1,7,8,10,1,1,3,0,12,12.4,19
7,19,12/4/09,24-339,CLE,CHI,W (+14),1,34:12:00,8,17,0.471,1,3,0.333,6,10,0.6,0,6,6,11,0,0,1,1,23,20.8,19
7,20,12/6/09,24-341,CLE,MIL,W (+15),1,32:18:00,4,10,0.4,0,0,0,6,7,0.857,1,4,5,10,1,1,5,2,14,13,8
7,21,12/8/09,24-343,CLE,MEM,L (-2),1,44:47:00,14,29,0.483,4,11,0.364,11,12,0.917,4,9,13,6,0,1,5,2,43,32.5,6
7,22,12/9/09,24-344,CLE,HOU,L (-10),1,39:40:00,8,21,0.381,2,4,0.5,9,10,0.9,1,5,6,7,1,1,5,2,27,18.1,-13
7,23,12/11/09,24-346,CLE,POR,W (+5),1,37:36:00,14,24,0.583,1,2,0.5,4,6,0.667,1,6,7,7,1,2,4,1,33,26.4,8
7,24,12/13/09,24-348,CLE,OKC,W (+13),1,38:35:00,16,29,0.552,5,8,0.625,7,10,0.7,0,7,7,6,4,1,1,1,44,38.5,13
7,25,12/15/09,24-350,CLE,NJN,W (+10),1,40:28:00,9,19,0.474,1,5,0.2,4,6,0.667,1,5,6,7,2,0,6,3,23,14.4,7
7,26,12/16/09,24-351,CLE,PHI,W (+7),1,40:17:00,12,26,0.462,3,6,0.5,9,11,0.818,1,5,6,7,3,1,3,2,36,28.8,10
7,27,12/18/09,24-353,CLE,MIL,W (+3),1,38:22:00,6,13,0.462,2,4,0.5,12,14,0.857,1,9,10,8,0,3,6,1,26,23.2,3
7,28,12/20/09,24-355,CLE,DAL,L (-7),1,43:05:00,9,23,0.391,2,6,0.333,5,7,0.714,0,3,3,6,2,2,2,3,25,17,-5
7,29,12/21/09,24-356,CLE,PHO,W (+18),1,38:26:00,11,21,0.524,1,3,0.333,6,6,1,1,5,6,4,2,0,3,3,29,21.5,26
7,30,12/23/09,24-358,CLE,SAC,W (+13),1,43:41:00,14,30,0.467,1,4,0.25,5,7,0.714,4,12,16,10,0,0,2,1,34,28.8,26
7,31,12/25/09,24-360,CLE,LAL,W (+15),1,40:44:00,9,19,0.474,2,7,0.286,6,11,0.545,0,4,4,9,2,1,7,3,26,16.3,8
7,32,12/27/09,24-362,CLE,HOU,W (+25),1,29:26:00,12,20,0.6,2,5,0.4,3,4,0.75,2,3,5,6,3,1,1,0,29,28.6,16
7,33,12/29/09,24-364,CLE,ATL,W (+11),1,39:36:00,6,20,0.3,0,5,0,2,3,0.667,1,7,8,10,5,1,4,2,14,12.7,6
7,34,12/30/09,25-000,CLE,ATL,W (+5),1,43:12:00,15,23,0.652,4,6,0.667,14,16,0.875,3,7,10,6,2,2,3,3,48,44.7,7
7,35,1/2/10,25-003,CLE,NJN,W (+8),1,36:27:00,7,16,0.438,1,4,0.25,13,15,0.867,1,8,9,7,1,2,1,0,28,28.2,10
7,36,1/3/10,25-004,CLE,CHA,L (-3),1,42:51:00,13,21,0.619,2,6,0.333,1,2,0.5,0,7,7,6,1,1,1,3,29,24.9,-2
7,37,1/6/10,25-007,CLE,WAS,W (+23),1,30:50:00,7,12,0.583,1,4,0.25,8,11,0.727,2,5,7,8,1,2,1,0,23,26.1,16
7,38,1/8/10,25-009,CLE,DEN,L (-2),1,41:18:00,12,28,0.429,2,8,0.25,9,13,0.692,2,4,6,7,1,0,8,1,35,18.7,6
7,39,1/10/10,25-011,CLE,POR,W (+12),1,45:16:00,13,19,0.684,3,4,0.75,12,14,0.857,0,10,10,8,0,1,3,1,41,38,16
7,40,1/11/10,25-012,CLE,GSW,W (+3),1,41:37:00,12,23,0.522,1,4,0.25,12,14,0.857,1,7,8,11,2,4,2,1,37,37.8,12
7,41,1/14/10,25-015,CLE,UTA,L (-1),1,40:25:00,12,20,0.6,4,6,0.667,8,12,0.667,1,8,9,6,5,1,5,1,36,32.8,7
7,42,1/16/10,25-017,CLE,LAC,W (+1),1,38:54:00,12,20,0.6,3,6,0.5,5,7,0.714,2,2,4,4,2,1,5,3,32,23.3,-1
7,43,1/19/10,25-020,CLE,TOR,W (+8),1,41:01:00,8,18,0.444,0,7,0,12,14,0.857,0,9,9,11,3,3,3,1,28,29.9,12
7,44,1/21/10,25-022,CLE,LAL,W (+6),1,40:24:00,13,25,0.52,1,9,0.111,10,13,0.769,0,5,5,9,2,1,4,3,37,28.8,5
7,45,1/23/10,25-024,CLE,OKC,W (+1),1,42:38:00,9,19,0.474,6,10,0.6,13,19,0.684,0,9,9,12,1,1,6,2,37,30.9,-1
7,46,1/25/10,25-026,CLE,MIA,W (+1),1,38:31:00,9,23,0.391,2,9,0.222,12,17,0.706,0,9,9,4,1,0,4,3,32,18.8,1
7,47,1/27/10,25-028,CLE,MIN,W (+14),1,30:33:00,3,8,0.375,1,3,0.333,5,6,0.833,0,6,6,11,1,1,3,1,12,15,16
7,48,1/29/10,25-030,CLE,IND,W (+21),1,35:39:00,6,18,0.333,0,4,0,10,17,0.588,0,9,9,13,2,4,5,2,22,19.8,22
7,49,1/31/10,25-032,CLE,LAC,W (+25),1,39:55:00,10,20,0.5,5,6,0.833,7,8,0.875,1,2,3,11,1,0,1,1,32,30.2,15
7,50,2/2/10,25-034,CLE,MEM,W (+16),1,37:07:00,7,14,0.5,1,4,0.25,7,7,1,1,5,6,15,1,1,4,2,22,24.6,19
7,51,2/4/10,25-036,CLE,MIA,W (+16),1,40:06:00,9,16,0.563,1,4,0.25,17,21,0.81,2,5,7,8,2,0,4,1,36,32.9,20
7,52,2/6/10,25-038,CLE,NYK,W (+7),1,43:51:00,17,31,0.548,6,12,0.5,7,7,1,1,7,8,8,5,0,5,2,47,39.7,4
7,53,2/9/10,25-041,CLE,NJN,W (+7),1,42:21:00,13,21,0.619,1,4,0.25,5,9,0.556,0,3,3,11,1,0,3,0,32,27.5,-2
7,54,2/11/10,25-043,CLE,ORL,W (+9),1,45:05:00,10,21,0.476,2,6,0.333,10,12,0.833,1,7,8,13,2,0,3,2,32,30.6,16
7,55,2/18/10,25-050,CLE,DEN,L (-2),1,47:00:00,15,33,0.455,1,9,0.111,12,17,0.706,1,12,13,15,2,4,3,1,43,40.1,-5
7,56,2/19/10,25-051,CLE,CHA,L (-17),1,35:30:00,6,14,0.429,2,6,0.333,8,10,0.8,1,2,3,9,4,0,2,2,22,22.6,-2
7,57,2/21/10,25-053,CLE,ORL,L (-6),1,39:23:00,12,25,0.48,1,6,0.167,8,12,0.667,0,9,9,6,2,1,5,0,33,23.3,-9
7,58,2/23/10,25-055,CLE,NOH,W (+10),1,44:07:00,7,16,0.438,2,6,0.333,4,4,1,1,4,5,13,2,0,0,0,20,24.6,17
7,59,2/25/10,25-057,CLE,BOS,W (+20),1,35:57:00,11,23,0.478,3,6,0.5,11,15,0.733,1,6,7,9,0,0,2,2,36,28.7,9
7,60,2/26/10,25-058,CLE,TOR,W (+8),1,44:24:00,10,17,0.588,1,4,0.25,15,16,0.938,0,6,6,9,2,0,1,2,36,36,8
7,61,3/1/10,25-061,CLE,NYK,W (+31),1,31:14:00,9,17,0.529,1,4,0.25,3,5,0.6,0,7,7,7,2,2,3,0,22,20.3,39
7,62,3/3/10,25-063,CLE,NJN,W (+19),1,40:41:00,10,18,0.556,0,4,0,6,7,0.857,2,5,7,14,3,1,3,1,26,30,18
7,63,3/5/10,25-065,CLE,DET,W (+7),1,41:52:00,16,27,0.593,3,7,0.429,5,6,0.833,2,11,13,6,3,2,4,1,40,36,12
7,64,3/6/10,25-066,CLE,MIL,L (-7),2,0:00:00,2,2,2,2,2,2,2,2,2,2,2,2,2,2,2,2,2,2,2,2
7,65,3/8/10,25-068,CLE,SAS,W (+2),0,0:00:00,0,0,0,0,0,0,0,0,0,0,0,0,0,0,0,0,0,0,0,0
7,66,3/12/10,25-072,CLE,PHI,W (+5),1,42:06:00,7,18,0.389,3,10,0.3,6,12,0.5,0,6,6,10,1,3,1,2,23,20.9,2
7,67,3/14/10,25-074,CLE,BOS,W (+11),1,38:52:00,9,21,0.429,1,3,0.333,11,16,0.688,3,5,8,7,2,3,2,2,30,26.7,3
7,68,3/16/10,25-076,CLE,DET,W (+12),1,43:07:00,10,22,0.455,1,3,0.333,8,11,0.727,2,10,12,12,1,1,4,0,29,26.9,13
7,69,3/17/10,25-077,CLE,IND,W (+5),1,38:43:00,11,24,0.458,2,4,0.5,8,10,0.8,1,8,9,9,3,2,6,2,32,25.8,14
7,70,3/19/10,25-079,CLE,CHI,W (+7),1,37:31:00,9,21,0.429,0,3,0,11,12,0.917,1,10,11,7,2,2,5,1,29,24.1,5
7,71,3/21/10,25-081,CLE,DET,W (+25),1,30:48:00,5,9,0.556,2,3,0.667,3,3,1,0,3,3,7,0,1,0,0,15,17.2,17
7,72,3/24/10,25-084,CLE,NOH,W (+13),1,40:45:00,15,22,0.682,1,5,0.2,7,8,0.875,2,4,6,9,1,0,3,2,38,34.3,9
7,73,3/26/10,25-086,CLE,SAS,L (-5),1,39:18:00,11,21,0.524,1,6,0.167,4,7,0.571,0,5,5,10,2,0,5,2,27,20.2,-5
7,74,3/28/10,25-088,CLE,SAC,W (+7),1,39:05:00,13,22,0.591,3,6,0.5,5,6,0.833,1,6,7,8,3,0,3,2,34,30.7,8
7,75,3/31/10,25-091,CLE,MIL,W (+3),1,39:05:00,7,17,0.412,0,1,0,9,13,0.692,1,8,9,7,1,1,4,2,23,17.2,10
7,76,4/2/10,25-093,CLE,ATL,W (+5),1,38:22:00,11,20,0.55,1,3,0.333,4,7,0.571,0,13,13,6,2,0,2,1,27,23.9,11
7,77,4/4/10,25-095,CLE,BOS,L (-4),1,44:32:00,14,31,0.452,0,9,0,14,22,0.636,1,6,7,9,1,1,3,0,42,30.2,-1
7,78,4/6/10,25-097,CLE,TOR,W (+12),1,35:34:00,5,13,0.385,0,2,0,9,10,0.9,0,6,6,13,0,1,4,1,19,18.7,19
7,79,4/8/10,25-099,CLE,CHI,L (-1),0,0:00:00,0,0,0,0,0,0,0,0,0,0,0,0,0,0,0,0,0,0,0,0
7,80,4/9/10,25-100,CLE,IND,L (-3),0,0:00:00,0,0,0,0,0,0,0,0,0,0,0,0,0,0,0,0,0,0,0,0
7,81,4/11/10,25-102,CLE,ORL,L (-6),0,0:00:00,0,0,0,0,0,0,0,0,0,0,0,0,0,0,0,0,0,0,0,0
7,82,4/14/10,25-105,CLE,ATL,L (-16),0,0:00:00,0,0,0,0,0,0,0,0,0,0,0,0,0,0,0,0,0,0,0,0